name,age,street,city,state,zip,lng,lat
Dana Snyder,66,339 Susan Course,West Juan,North Dakota,67872,151.492726,51.188826
Jason Wise,79,2016 Patricia Ville Apt. 814,South Victor,Oklahoma,48216,-16.322820,61.648053
Christopher Arnold,24,284 Amy Ports,Robertbury,North Carolina,80271,-109.894766,-1.889849
Jeffrey Gutierrez,54,71506 Cummings Divide Suite 721,Nathanmouth,Virginia,95763,34.173931,40.318546
Mark Thomas,19,3785 Fuller Groves,Robertland,Vermont,74616,-158.869574,9.0198025
Kristina Carter,66,96543 Barnett Summit,Port Kristopher,Connecticut,73006,-111.638172,14.737518
Vanessa Martinez,45,824 Janice Spur,Patriciaborough,Washington,53178,154.748628,-7.777069
Kyle Shaw,48,84183 Christensen Bypass,North Arthurberg,South Carolina,16987,87.111997,-56.169499
Jeffrey Hood,69,68462 Johnson Extension Apt. 157,West Brandonbury,South Dakota,63729,-109.590034,36.501808
Ryan Reed,18,6329 Lopez Walk,Jeremyborough,South Carolina,07858,29.576739,83.496559
Christopher Vasquez,36,9105 William Trace,West Sarah,Idaho,27468,120.376724,57.799037
Nicholas Rivera,66,7922 David Villages,Karenmouth,Kentucky,05054,38.346550,59.0546955
Matthew Barber,39,182 Mitchell Throughway Suite 953,New Kerri,Ohio,62938,-160.885161,25.9205245
Brian Fuentes,78,01950 Hartman Flat Apt. 704,Harperstad,Alabama,85947,108.047516,20.2190135
Mrs. Gabrielle Smith,20,62876 Ellis Mountains Apt. 275,New Laurentown,Georgia,39007,-15.656742,-9.8760425
Kyle Baker,79,247 Kimberly Gardens,Brownshire,Nevada,83941,-80.251876,-31.2462375
Jeffrey Powell,29,8294 Joseph Haven,South Richard,Alabama,64098,60.119337,-66.8756015
John Mcneil,49,87454 Meghan Shoal,Rachelstad,Missouri,02874,54.610761,30.100738
Barry Gonzalez,33,25977 Hernandez Tunnel,Smallside,Illinois,41214,-165.250734,-34.6190105
Donald Allison,55,35977 Owen Fields Suite 309,Stevensonton,Iowa,61815,98.061579,16.3514635
Phillip King,75,3779 Benjamin Views,North Michaelland,Wyoming,49784,-72.728242,88.3614285
Andrew Sweeney,58,54993 Baxter Isle,Beckberg,Michigan,36241,151.966217,40.521978
Joshua Thompson,77,7261 Crane Canyon,Rachelmouth,Tennessee,61768,105.018848,56.2998725
Jordan Mosley,74,01991 Arthur Curve,West Emmastad,Oklahoma,05297,-61.032181,-88.0378615
Christopher Cook,72,372 Peters Light Apt. 373,New Amanda,Nebraska,18964,121.355505,-15.5219175
Sarah Sanchez,40,54943 Rivera Ridges Suite 914,North Jessica,Maine,40305,-110.868045,-81.603912
Joseph Johns,66,67319 Matthew Place Suite 424,Garciaborough,Indiana,95345,-116.700020,79.4629965
Sandy Taylor,19,53360 Glenn Run,Walkerville,Maryland,57027,141.971939,20.796761
Kristen Mueller,35,0303 Baldwin Mountains Apt. 150,Kirkfort,Colorado,37130,156.839604,3.2097565
Sean Delgado,79,10457 Garcia Crossing,Stoutville,Kentucky,95484,-102.553813,73.501296
Elizabeth Diaz,77,96568 Cynthia Rest,Michaelborough,Georgia,70941,68.016547,-24.4768785
Jacob Thomas,77,68865 Patrick Spur Apt. 066,Port Thomas,Michigan,38799,66.388972,-54.332051
Bruce Hart,78,79894 Moore Turnpike,Perkinston,Delaware,43154,34.325270,71.2493085
Jill Keller,32,828 Oliver Spring Apt. 061,West Rachel,New York,61444,2.094792,78.662900
Tabitha Stephens,44,07707 James Cape,South Dawn,Missouri,56408,148.279459,-63.267379
Derrick Mercado,31,245 Jones Inlet,Jamesside,Minnesota,02205,-172.397647,59.4141935
Brenda Walton,47,202 Jasmine Junctions Apt. 734,Port Jasonfort,Indiana,55383,160.347140,-9.293963
Carl Smith,46,098 Elliott Vista,South Angela,California,56510,-61.834546,1.950139
Ryan Gibson,68,6899 Ramos Roads,Tylerside,Vermont,79683,-30.929398,-20.6872665
Keith Smith,41,28949 Heath Manors Apt. 275,Clineview,Virginia,00566,-67.850876,-69.829371
Sarah Moreno,33,5363 Monica Isle Suite 507,Garciamouth,Maryland,09029,63.230828,-2.3734845
Rebecca Harrison,32,544 Gomez Fords Suite 738,Hunterburgh,Mississippi,63582,50.051393,-6.291054
Roger Williams,34,4254 Kevin Junction Apt. 766,Rebeccamouth,Indiana,01771,-24.224640,37.870559
Cory Riley,25,79741 Watkins Inlet,Watkinsside,Texas,58318,-82.027060,-30.640233
Deborah Brewer,37,48192 Mcdonald Overpass,East Michelle,New Hampshire,07723,14.584541,-46.4167535
Susan Jones,55,797 Martinez Centers Apt. 662,Joshuashire,Washington,42659,-101.211053,21.280213
James Stevenson,29,80725 Sheila Glen,East Stephanie,Indiana,19533,158.292703,8.8335765
William Harvey,78,294 Beck Plains,Wadestad,Rhode Island,13316,-77.274311,-74.394359
Samuel Robertson,46,86098 Sullivan Via Apt. 685,Adamberg,Wisconsin,53593,84.486166,-43.049291
Joshua Barrera,67,5408 Philip Heights,Lake Martinfort,Connecticut,49425,84.920876,-33.2156995
Kevin Buck,73,6052 Katherine Trace Apt. 639,Jamesview,Montana,39256,99.281536,81.452542
Tiffany Davis,68,952 Williams Club,Jacksonborough,Alaska,92952,-3.480348,72.7471905
Tabitha Hernandez,36,3164 Patterson Avenue,Lake Jeffreyberg,Vermont,10218,-63.615712,-23.449760
Autumn Williams,52,0870 Morgan Views,South Kathryntown,Connecticut,12391,-75.712851,27.9186145
Megan Moore,71,040 Clark Vista Apt. 033,Jenniferton,Georgia,92160,-72.053475,-35.120643
Howard Navarro,22,186 Noble Terrace Suite 213,West Fernando,Ohio,86485,56.203588,-79.6234635
Wendy Johnson,24,2676 Green Oval,South Markberg,Maryland,75984,134.845545,17.1083145
Sally Odom,21,10197 Alexander Well Suite 476,Ryantown,Colorado,15733,-87.739690,-16.481337
Michael Johnson,24,68357 Matthew Gateway,West Randy,Arkansas,16862,-161.509626,-79.172403
Shannon Schmidt,59,28647 Nancy Stravenue Suite 134,Lake Kelly,North Carolina,38096,42.492622,-62.484608
John Hawkins,23,5037 Kelley Pine Apt. 004,Port Jonathanchester,Virginia,47061,28.620321,-61.9131995
Taylor Hart,66,56995 Morgan Burg Suite 326,North Janet,Georgia,69196,80.189568,7.031434
Gabriel Bowen,25,15518 Torres Stream Suite 649,Brianport,Oregon,87010,28.126821,28.414783
Kenneth Walker,20,3445 Bullock Turnpike Suite 721,South Manuel,Vermont,77024,-118.888675,-79.7995675
William Johnson,59,660 Shannon Prairie,Bradyberg,North Dakota,84224,-78.473860,78.1296365
Gregory Arias,31,35370 Bentley Center Apt. 855,West Stephanieland,New Jersey,98368,83.792696,27.634104
Ryan Brown,28,61513 Anne Mount,Parsonsmouth,Oklahoma,69937,-28.761621,-1.770225
Heather Acosta PhD,28,810 James Shore Apt. 946,North Kaitlinport,New Hampshire,04481,-86.359247,40.644918
Brenda Jenkins,76,885 Dawn Lane Suite 022,Anthonybury,Arizona,27115,126.187543,-2.529087
Cassandra Koch,67,527 Mason Mountain,Williamhaven,Pennsylvania,40324,-144.956931,78.737612
Savannah Gonzalez,42,43211 Timothy Fall Suite 665,New Shawna,Connecticut,17111,-61.128533,-38.5005225
Alex Coleman,21,02548 Justin Squares,North Steventown,Utah,39467,-117.488100,-11.6641065
Randy Farmer,31,476 Kelly Mountain Apt. 784,Kristafurt,Nebraska,88893,-151.931779,44.4768695
Stephanie Richards MD,55,314 Simmons Ways Apt. 693,New Christopherberg,Minnesota,95491,40.841217,13.021670
Mr. Stephen Boyle,18,5020 Mcintyre Roads Apt. 509,Ryanbury,Arkansas,39247,140.058498,-73.8569265
Lisa Lang,30,617 Robert Pike Suite 325,West Heatherborough,Arizona,55817,-86.563543,-56.9500065
William Moore,77,28731 Baker Summit Suite 230,Erinberg,California,07450,96.639698,-20.024834
Anita Taylor,79,2120 Carroll Union,Port Janetshire,Massachusetts,99139,-145.454375,78.542923
Melissa Gonzalez,78,875 Lauren Garden Suite 475,Browntown,New Mexico,79657,3.802737,-2.729555
Alexander Neal,75,1595 Norton Ferry Suite 350,Jennamouth,Delaware,81621,43.526822,54.3802265
Brett Costa,80,421 Roman Ranch,Port Ethan,Alaska,78938,-23.781267,0.692375
John Carter,24,7162 Kelly Loaf,Lake Colton,Florida,16392,-21.976096,73.575502
Danny Hall,57,51880 Michael Roads,Marcusberg,Rhode Island,73712,39.543977,-80.090628
Nicole Ware,73,21355 Montoya Junction Suite 479,Anthonymouth,Nevada,87964,67.515780,34.907234
Jennifer Thompson,52,4222 Oneal Loop Suite 222,West Cory,Idaho,17168,-22.550548,-7.9246085
Michael Cruz,59,241 Anna Valleys,Sarahmouth,Mississippi,67054,66.536960,-51.6872015
Paul Brown,46,0693 Valdez Locks Apt. 595,West Adriantown,Idaho,94670,-32.570543,-25.577727
Kevin Booker,30,467 Carly Corner,West Jacob,Alaska,81017,-92.519650,42.4190705
Isaiah Carlson,67,899 Andrea Bypass Suite 200,Williamsfurt,Rhode Island,32390,-108.920142,73.732347
Christina Tran,40,83099 Jackson Rapids,Lake Deborahside,Florida,45853,-102.976500,28.3416925
Jessica Obrien,31,57177 Kim Flat Apt. 753,Christopherview,Rhode Island,75971,70.507975,-7.7069525
Derek Scott,56,10396 Amanda Roads,Ericabury,Iowa,13633,-169.395466,-85.0600225
Gregory Caldwell,73,5794 Alexis Isle,North Garyburgh,Maryland,08277,-60.117185,31.2403945
Fred Scott,36,5696 Tim Club Suite 907,Colleenmouth,Indiana,09452,-86.015396,81.3631625
Christopher Gonzalez,66,420 Young Bridge,Taylorland,Missouri,48836,177.118519,-27.016795
Mr. Richard Hoffman,42,8439 Brad Keys,Smithton,Texas,29350,-125.319036,41.053715
Natalie Wong,66,600 Alexa Hollow Suite 786,Jameshaven,Vermont,19365,20.519735,81.8503805
Gwendolyn Walsh,26,55563 Elliott Causeway,Claytonshire,Arkansas,23334,168.988566,20.364482
Heidi Peterson,50,332 Carlson Hill,Kimchester,Georgia,70086,-149.914443,-66.961815
Cynthia Wilson,40,05265 Washington Cove Suite 337,Emilytown,New Mexico,69076,175.996387,16.0658405
Mary Barnes,19,525 Williams Unions,Michaelland,Minnesota,40861,144.852351,-88.7954535
Erika Weeks,34,49780 Owen Trafficway Suite 227,Chadchester,West Virginia,01210,-44.671856,-18.346388
Candice Swanson,53,0231 Tracy Ways,Timothyfurt,Michigan,82002,-100.807359,57.8978355
Adam Parrish,40,87758 Zavala Forge,Lesterchester,North Dakota,17565,-163.852872,63.0494035
Dawn Adams,32,1538 Vasquez View Suite 433,Lake Ericberg,New Hampshire,03562,39.965940,50.4394245
Samuel Oconnell,25,5210 Foster Shore,Port Timothyside,New Jersey,93876,175.537304,-83.5189135
Erica Thomas,34,19731 Jeffrey Square Suite 177,Port Kentstad,Georgia,27327,-49.810822,-81.729531
Edward Rodgers,49,4170 Mills Prairie,Henrytown,Minnesota,47931,56.387112,28.2275535
Tommy James,73,7877 Frye Union,South Tyrone,Virginia,21555,-0.405569,-38.762623
George Diaz,59,53028 Matthew Park,Blakemouth,Texas,93746,26.574375,-22.7366525
Jonathan Turner,47,855 William Course Apt. 171,Smithport,North Carolina,34707,73.278906,-53.7116115
Cathy Ross,45,54200 Hayes Expressway Suite 702,Joshuaside,Oklahoma,20461,88.075677,-48.835293
Teresa Kelley,77,623 Lucas Mountain,South Whitney,New Mexico,18756,78.202343,70.1790645
Mr. Jason Smith,76,42938 Allison Passage Apt. 684,Longtown,California,48204,35.037814,39.859043
Tracy Wilson,57,98722 Bradley Lane,Shermanshire,New Jersey,47285,-131.884660,-62.1494375
Brian Zuniga,42,87065 Stephanie Harbors,East Cynthia,Rhode Island,72435,-123.761103,62.116870
Cory Walsh,70,44302 Ramsey Square Suite 394,West Danashire,Utah,21468,33.480253,44.9690945
Dana Ross,67,2327 Clark Square,East Melissa,Pennsylvania,13500,28.390918,-10.5796005
Keith Hughes,27,671 Mitchell Hollow,South Jamesstad,Oklahoma,30170,-115.436404,-74.3762645
Patricia Gonzalez,40,8257 Jason Court,Lake Christina,Arizona,94786,96.365130,-42.655913
Michelle Clark,20,750 Douglas Ports Apt. 035,West Kristineborough,Maryland,38850,-83.865608,64.012638
Pamela Oconnor,31,93400 Smith Shores Suite 898,Lake Andrew,New Jersey,25347,48.732184,-79.622525
Nathaniel Beasley,40,446 Steven Centers,West Angela,Virginia,80228,155.364386,-32.409488
Mary Johnson,52,869 Nicole Stream,Jimenezside,Colorado,94430,47.381744,-35.691490
Brooke Miller,31,95935 Gutierrez Via,Jodyburgh,Maryland,98739,148.376782,-29.5605425
Jeremiah Pruitt,54,6306 Smith Islands Apt. 144,Connieville,Missouri,05284,56.706546,19.6903685
Ryan Skinner,46,2989 Jenkins Key Apt. 825,Hayesberg,Maryland,32393,41.743217,25.708374
Samantha Gutierrez,77,83025 Mcknight Hollow,Port Jeremiahland,Texas,38169,118.123232,79.201487
Michelle Arnold,75,402 Jones Drive Suite 858,Levyburgh,Virginia,04108,-18.231479,-4.973734
Charles Hopkins,27,5854 Alexandra Rest Suite 700,Tylerbury,Massachusetts,33455,19.268471,-2.502465
Lance Atkinson,49,39885 Drake Ports Suite 022,North Ryanview,Tennessee,86205,1.044393,27.2765145
Savannah Williams,31,8940 Nelson Groves,Emilystad,Wisconsin,39855,75.494579,33.5526155
Edward Proctor,73,77619 Julie Parkway Apt. 125,Ramosfort,Utah,67699,-147.300348,32.312468
Sheila Reyes,28,7246 Daniel Way Apt. 437,East Kristen,Kansas,83203,-163.426636,32.7071975
Douglas Bates,52,4432 Nicholas Walk,East Lauramouth,Wisconsin,78213,34.075969,-61.2259825
Brian Munoz,60,628 Lee Canyon Suite 310,South Jessicatown,Oregon,54362,-15.595129,60.6951425
Elizabeth Horn,38,28096 Shannon Dale,South Christopherberg,Kansas,76111,-26.293555,19.2632855
Krista Barrera,47,78053 Wilson Locks Apt. 707,South Traceyside,Wisconsin,84598,132.789109,24.4801525
James Weber,56,1398 Roberts Trail,East Andrew,Idaho,15003,145.115112,-7.8532995
Deborah Cooper,30,109 Johnson Roads,North Nicole,New Mexico,73882,153.200576,54.6785765
Dr. Sarah Fuller,33,03072 Erin Row,Foleyville,Oregon,94264,114.788657,31.8954295
Sean Chang,60,6578 Mcdonald Greens,Lake Michelle,Oregon,55703,176.854489,33.7145065
Amanda Chapman,36,873 Sierra Centers Apt. 725,West Fredview,Maryland,76878,116.175114,-23.788961
Nicholas Wright,65,717 Anne Vista,Cassieburgh,Missouri,91709,94.821812,5.7679675
Robert Graham,28,66501 Vicki Lock Suite 549,Port Williamburgh,Montana,36187,-28.487980,-78.8616595
Daniel Johnson,46,268 Lisa Summit,Jeffreyburgh,Virginia,73269,130.578378,23.2111385
Rachel Kelley,80,485 Richard Loaf,East Monica,Alaska,27272,-53.867961,88.9289775
Jennifer Brown,20,2209 Barton Point,Thomasberg,Delaware,16478,169.040269,2.695709
Cynthia Massey,77,623 Dawn Estate Suite 919,Lake Yvetteville,Mississippi,15508,-104.349700,30.7706025
Shelia Wright,39,601 Griffith Hills,Curryborough,California,60185,35.492744,-38.476849
Ann Rios,63,674 Melissa Lights,Lake Brandon,Ohio,72075,-105.547769,-50.4098315
Eric Cruz,33,27639 Jenna Parkways,Port Thomasside,Connecticut,74420,-10.258427,55.526831
Angela Wong,43,2103 Nguyen Extension,East Williamview,Louisiana,92762,-120.126233,-23.3880255
Shaun Garcia,45,2179 Erin Parkway,Gomezberg,Tennessee,64330,79.372391,-79.943017
Jose Johnson,53,0095 Murray Shore Suite 135,Staffordbury,Pennsylvania,02245,-12.201928,40.057309
Amanda Wang,20,937 Wilson Curve,Brettburgh,Alabama,03258,-44.709695,65.108588
Hannah Allen,27,31282 Kyle Plaza,West Andrew,South Dakota,36585,46.046307,41.3048315
Christopher Cunningham,76,48074 Madison Lodge,Shawnville,Florida,09602,176.037767,-9.3186035
Robert Smith,53,707 Jennifer Lock,Lake Nicholas,Washington,60511,47.521339,-1.154349
Christine Sullivan,38,99600 Rojas Estate Apt. 661,Lake Jaredmouth,Vermont,49630,-136.595086,-32.300027
Michael Carey,44,95658 Patrick Lakes Apt. 061,Kevinport,New Mexico,71335,-46.137684,86.7818915
Tina Garcia,26,94026 Willis Ridges Suite 087,Rowlandfort,Hawaii,26644,72.367387,4.797775
Elizabeth Atkinson,27,32653 Robert Springs Suite 685,New Gabrielmouth,West Virginia,78176,-56.884986,-58.671734
Bryan Huynh,24,0496 Erica Lane Suite 876,Martinezfurt,South Dakota,39720,77.467872,9.559200
Cynthia Powell,71,410 Daniel Shoals,East Barbaramouth,Alaska,42211,-55.752681,-19.8118325
Joshua Coleman,18,38300 Tyler Inlet,Kaylaport,New Jersey,22788,-102.165807,-67.551045
Brian Cook,38,8863 Weber Fords Apt. 816,Lake Lauren,Wyoming,78356,26.628565,-52.5612075
Mrs. Chelsea Ford,28,7100 Perez Hill Suite 467,Lake Amber,Massachusetts,93345,-32.970756,68.7947795
Timothy Thornton,24,7984 Jeanette Landing Apt. 262,Arnoldhaven,Delaware,30064,-165.112614,64.0503645
Daniel Swanson,47,2305 Kyle Meadow,Deborahburgh,Delaware,30825,-145.135394,-62.1956595
Christopher Reed,33,8310 Charlotte Expressway,New Kimberlyville,Washington,68890,22.960324,17.6241525
Nancy Baker,41,93936 Jackson Route Suite 059,Jenniferville,Alabama,87417,75.445944,-67.886583
Megan Miller,69,933 Peters Station Suite 763,Jessicastad,Louisiana,76921,-79.249865,83.5266885
Laurie Fuentes,19,045 Savage Springs,Lake Harry,Rhode Island,73339,-139.157701,29.4469145
Jesse Horton,58,0054 Cochran Circles Apt. 430,Lake Brandon,New Mexico,43363,-85.967812,-36.4795845
Ashley Baldwin,40,47160 Parks Ranch Apt. 111,Morrisonmouth,Alaska,66252,26.842291,2.395815
Eric Franco,30,533 Brown Highway,Douglasburgh,South Dakota,48253,-92.184005,0.9311835
Mr. Brian Johnson,42,70984 Victoria Spur,West Tracy,Idaho,92933,136.269335,-67.217579
Jill Chapman,42,271 Patrick Islands Apt. 869,Port Valerieberg,Arkansas,37441,-26.219985,43.328127
Michael Salazar,30,9302 Robinson Trace,Carlosview,Virginia,10217,102.595684,-58.902054
Rebecca Valentine,61,017 Joseph Drives Apt. 801,Kathleentown,Arizona,25837,135.947980,77.2628845
John Dyer,56,0604 Angela Summit,West Garystad,Idaho,49540,10.824343,50.850494
Matthew Newton,63,9643 William Branch Apt. 821,Chambersville,New York,87469,-135.936960,-21.563378
Michael Smith,50,2099 Michelle Views,North Stephenland,Wyoming,47528,146.152328,78.859054
Peter Valdez,20,519 Chambers Mountains,Barrettfort,Maine,38649,-142.432331,49.3834115
Shannon Robinson,26,0187 Moore Coves Apt. 707,East Jennifershire,Virginia,68881,-57.956324,49.282577
Brett Nicholson,37,23525 Duncan Station,Port Deborah,New Jersey,46669,-22.426177,83.1706945
Joanna Romero,53,04802 Christopher Overpass Apt. 113,North Mandyhaven,Arkansas,88746,160.814106,-49.0486745
Sharon Perry,26,3458 Riggs Neck Suite 728,Thomasborough,Indiana,77296,140.565575,14.235731
Joshua Williams,76,60539 Ward Springs Apt. 364,Hillberg,Montana,59851,-179.672186,8.706654
Lisa Lopez,24,575 Barrett Cliff Suite 040,Port Cory,Pennsylvania,98629,-146.802126,-24.362061
Diana Newman,28,0404 Melissa Way Apt. 588,West David,Kentucky,42404,24.801986,-39.229391
Scott Bennett,53,293 Jessica Terrace,Hamiltonfort,Hawaii,54718,-55.935571,42.4664265
Rhonda Johnson,77,1446 Dalton Mews,Markland,Iowa,40922,49.204310,-17.097274
Maria Davenport,65,1559 Ian Union,Perkinsstad,Indiana,88404,-34.260345,-23.094961
Christopher Owens,77,58479 Stuart Valley Suite 836,Port Amanda,Washington,09281,100.077286,-50.216128
Andrea Wallace,28,528 Samuel Circle,Jasonport,Oregon,36717,101.221287,-82.0991745
Carly Wilson,20,69824 Hannah Fort Apt. 356,Garciaborough,New Hampshire,71894,-108.870281,20.5116505
Sarah Perez,22,17505 Robert Wall Suite 875,South Jose,Alabama,86183,153.671468,78.1425495
Adam Ward,69,3369 Phillip Union Suite 022,New Alexistown,Alaska,94020,19.373268,53.971002
Dwayne Black,38,14826 John Lights Apt. 681,Sawyerton,Rhode Island,61103,31.115904,88.076346
Robert Fox,73,9274 Julie Place,New Kristen,New Mexico,38347,79.925337,-35.8796685
Kristy King,70,152 Johnson Walks,Rhodeschester,Delaware,73218,101.210340,82.7334185
Andrew Mccullough,26,2901 Rodriguez Rue,Jasmineview,Kansas,89736,1.128521,-60.285674
Katie Gross,76,9886 Thomas Land Suite 087,Matthewton,Kansas,66512,-95.118588,40.2258255
Denise Moore,73,84252 Malik Crossroad,New Ariel,South Dakota,07420,25.921279,-68.4395895
Mrs. Kimberly Smith,51,0089 Collins Lakes,Port Michaeltown,West Virginia,52092,165.359900,66.4263615
Janet Murray,53,898 Amanda Union,South Paul,Connecticut,16568,178.193147,-86.791249
Daniel Harrison,47,43300 Curry Knolls Suite 348,New Joshuamouth,Maine,90218,177.598642,40.7824945
Rebecca Garcia,71,96691 John Coves Apt. 903,West Peter,Massachusetts,95227,-75.038488,6.2019785
Gabriel Terrell,40,657 Rowland Forges Suite 666,New Joshuashire,Hawaii,34623,130.146949,83.588128
David Lopez,21,83292 George Pine Suite 080,South Scott,Minnesota,68524,159.703402,-54.351951
David Baker,69,2327 Williams Path,Deniseview,Nevada,17201,-65.283748,-13.5787775
Rebecca Castro,69,51010 Harris Cape Apt. 656,Laurenbury,Arizona,22513,-118.249326,-34.7767555
Curtis Bennett,49,375 Walters Viaduct,North Pamelamouth,Minnesota,58906,-91.363548,-64.4115565
Pamela Wright,25,656 Mark Ridges,Ritterfurt,Oklahoma,25778,115.334744,19.8618065
Jeffrey Gonzalez,41,786 Kristen Mount Suite 002,Lake Benjaminton,West Virginia,69982,48.098475,33.987569
Brian Maynard,43,624 Destiny Alley Suite 126,New Lauren,Wyoming,26685,14.530031,-10.157995
Timothy Knox,37,3937 Williams Keys,New Chris,Wisconsin,56360,-43.610055,-42.1211575
Linda Gonzalez,30,1005 Richard Burg Apt. 853,Adamston,California,80359,106.440323,68.694803
Rhonda Mccarty,64,74805 Garcia Highway,East Lisashire,Wyoming,36539,-55.931125,79.4430205
Mallory Ortega,21,212 Bennett Pass Suite 530,Grahamton,Utah,07593,103.503353,-46.654419
Ricardo Erickson,34,695 Travis Circle,Herrerabury,South Carolina,25640,15.678603,44.839073
Christina Walters,22,623 Lopez Via,Port Sara,Illinois,24973,43.990012,52.145266
Fernando Baker,78,1963 John Rest Apt. 141,Whitetown,Kansas,43574,11.007142,41.2194035
Jessica Ayers,18,53791 Peter Corner Apt. 596,Lake Timothymouth,Louisiana,81412,16.277037,32.942229
Glenn Stevens,39,937 Michael Curve,West Sandra,Oklahoma,55390,55.222331,65.998608
Marilyn Bailey,27,808 Cobb Mill,Chanfurt,Colorado,05643,109.445043,41.383563
Victoria Watson,30,65913 Perez Forge Suite 454,East Tyler,South Dakota,89840,68.466013,-57.765518
Robert Smith,18,68996 Alexandra Mission Apt. 982,Greenton,Mississippi,32457,-52.744253,-75.894455
Mark Pratt,30,612 Shannon Crossroad Apt. 802,North Cameron,Arizona,17667,3.932792,45.789593
Christopher Rogers,21,64523 Wilson Walks Apt. 381,Victoriaborough,Vermont,80404,99.627900,83.9460835
Samuel Hughes,70,6505 Tiffany Center,East Jenniferton,Kansas,52878,170.816973,-54.651402
Wanda Lewis,20,68158 Matthew Neck,Nunezshire,Washington,58402,6.060380,-38.292273
Blake Matthews,19,074 Williams Islands,West Bethany,New Mexico,20357,114.721021,15.295012
Ariana Johnson,33,0503 Nicole Tunnel Suite 600,Jasonstad,Kansas,87193,62.407224,-50.981233
Mrs. Debbie Porter,66,17511 Bennett Plains Suite 448,South Gabriel,West Virginia,40649,171.877305,-67.6043505
Misty Farmer,80,3769 Heather Glens,Port Ruben,Rhode Island,96217,-165.063178,30.4262885
Caleb Allen,39,72597 Riddle Loaf,New Rebecca,Minnesota,90951,81.958546,-34.077965
Olivia King,80,4559 Jonathan Drives,South Justin,New Hampshire,34306,2.825880,-86.193228
Nicholas Hale,21,9987 John Spring,New Kirstenfurt,Michigan,90222,-109.278182,83.094963
Kenneth Green,43,2588 Sharon Ridge Apt. 581,Raymondtown,Michigan,11354,82.582769,7.5701065
Shelly Evans,44,84542 Andre Plains,Port David,New York,16611,-48.015016,45.761957
William Howell,54,9195 Floyd Drive Apt. 161,Port Nicole,Florida,61834,-69.706403,-32.3907405
Lisa Jackson,28,16620 Larsen Skyway,North Alexanderhaven,Nevada,70542,-177.214098,62.1673645
Brett Montgomery,47,64895 Mckenzie Mills Suite 799,East Andrew,Iowa,86095,-66.697375,-19.272119
Joshua Lambert,47,649 Franklin Stream,Patricialand,Connecticut,65749,-14.871645,-52.777510
Brian Thomas,71,8396 Davis Well Apt. 675,East Shawna,Louisiana,15422,-49.228151,-70.873235
Mark Flynn,27,387 Arnold Lock Suite 880,Hermanborough,Iowa,46916,-99.218650,-71.429435
Kathy Rangel,33,0918 Jennifer Neck Apt. 737,New Cynthia,New Jersey,10436,5.632347,-73.6332545
Michael Burch,33,6009 Simmons Drives,Port Andrewfurt,Nevada,42289,110.607723,-82.3706855
Diane Kim,68,172 David Ridges Suite 060,Thomashaven,Kentucky,59552,58.147536,-13.4169925
Patrick Swanson,36,436 Joseph Cape Apt. 421,New Charlene,Massachusetts,97243,-178.813593,47.2823425
Mary Hill,58,93765 Cruz Hill,Vanessaborough,Maine,01165,21.538892,35.4228505
Kevin Reid,64,42399 Michele Common Apt. 784,Shannontown,Colorado,03885,-56.084984,-88.221756
Casey Johnson,31,906 Barbara Locks Apt. 094,Meyerstad,South Carolina,27294,6.677584,-80.607412
Alyssa Mitchell,49,80738 William Summit Suite 517,Lake Danielside,New York,04801,66.938466,-35.4833315
Joshua Moore,69,5502 Thomas Locks Apt. 654,New Jenniferport,Colorado,59947,-119.474644,64.2079885
Brooke Brown,44,998 Abbott Harbors Suite 019,South Alexis,West Virginia,87806,21.396928,55.8327425
William Duncan,55,92998 Campos Mountain,Kendraborough,Texas,72633,-108.432639,-80.0558765
Sydney Keller PhD,54,6271 Jonathan Meadows Apt. 371,East Peterland,Vermont,72463,-159.841402,-13.3862915
Alexandria Nielsen,64,503 Walker Rue,East Ashley,North Dakota,20478,105.059424,-67.0554115
Stacey Jensen,31,8698 Rebecca Ramp Apt. 331,South Josephhaven,Texas,09547,-174.126589,-50.0727555
Melissa Mills,74,9721 Jennifer Harbors Apt. 362,Nicholasburgh,Louisiana,05070,18.085301,86.292509
David Stewart,57,47293 Porter Bridge Suite 500,East Elizabeth,Louisiana,89428,-76.873511,44.0917865
Erica Barr,31,7444 Hardy Ridge,Nicoleberg,Utah,95421,58.156514,-13.212196
Ruben Robinson,70,155 Williams Trafficway,Lake Maureenshire,Nevada,41945,-19.084419,-51.929104
David Aguilar,43,3170 Walker Fields Suite 211,Lake Jeremy,Maryland,49759,79.320349,63.0083815
Patrick Sims,53,76314 Lucero Spring Suite 606,Lake Meganmouth,New Mexico,05171,134.149301,-4.415466
Margaret Hernandez,44,74367 Kelley Cliffs Apt. 541,West Mitchell,North Carolina,12668,34.502787,-38.719774
Ryan Miller,74,326 Fry Vista Apt. 821,Jeffreystad,North Dakota,50948,-44.698440,19.878443
Michelle Thomas,21,0773 Harding Knolls Apt. 672,Thorntonborough,Utah,19886,-156.372325,-72.907471
Jennifer Johnson,50,7974 Megan Viaduct Apt. 251,Baileyfurt,Maine,44318,-99.760716,58.310620
Ronald Gonzales,41,4948 Hernandez Highway,Wagnertown,Alaska,23023,81.602456,54.091813
Thomas Schmidt,38,65173 George Brook Suite 982,Brandifurt,Georgia,35000,54.454968,-81.876727
Jose Scott,36,8691 Audrey Squares,Port Nathanchester,Nebraska,08149,11.043853,-80.4522075
Frances Smith,35,8021 Rebekah Cliff Suite 039,Ramirezton,Rhode Island,21880,114.736518,-39.5263965
Sean Armstrong,58,7384 Jessica Underpass Apt. 504,Russellburgh,Arkansas,45909,-144.348984,-24.3065495
Matthew Silva,66,4275 Ronald Knolls,Jeffersonville,Indiana,87751,52.991244,-43.604487
Dr. Leah Patton DDS,49,86849 Patrick Parkway Apt. 357,West Shannonland,Oklahoma,77366,144.652717,-60.469499
Kristen May,50,487 Cummings Square Suite 862,South Sabrinaburgh,Iowa,28988,93.553183,-43.4620875
Lisa Nichols,43,56699 Andrews Loop Suite 486,Caldwellborough,Michigan,40883,86.139299,-84.1556175
John Walters,33,5870 Vargas Wall Suite 092,Cruzburgh,Vermont,57951,-154.647823,47.1516755
Adam Clayton,27,73627 Price Shoals Suite 063,Diazville,Mississippi,84265,77.081027,-44.652717
Carl Pace,72,5410 Allen Square Suite 104,South Markberg,Vermont,40497,88.451567,13.855495
Heidi Woods,57,235 Mary Pike Suite 979,Tammychester,Georgia,86942,-115.548181,-10.5121515
Ryan Simpson,18,59923 Strong Course,Smithfurt,Wyoming,98872,134.107681,-57.686422
Carol Roy,31,638 Ariana Mountains,Christopherside,Arizona,41027,6.404515,-17.0085585
Ryan Bryan,51,883 Chambers Prairie,East Blakeview,West Virginia,02236,-127.857529,17.4399505
Steven Wiggins,48,5593 Espinoza Track Apt. 494,Kimberlyville,Kentucky,88119,-155.154887,-83.9420875
Daniel Cunningham,79,88223 Megan Field Suite 589,Mossbury,New Jersey,77001,-15.109070,-2.6301875
Jasmine Schultz,59,817 Wilson Freeway Suite 195,New Barbara,Pennsylvania,54638,-90.111267,-78.0395565
Keith Carlson,47,20338 Jeffrey Drive Suite 614,West Davidfurt,Hawaii,64708,126.035248,-53.981124
Andrew Hill,76,4247 Farmer Roads Apt. 013,Jasontown,New Jersey,28858,40.382518,-66.087382
Ashley Lopez,51,528 Brooks Village,New Thomasview,New Jersey,58252,-5.302633,18.6880855
Eugene Mitchell,31,0146 Smith Spur,North Teresaville,Kansas,71697,112.965344,-46.3980395
Frank Hicks,24,481 Myers Drive Apt. 084,Curtisfurt,Colorado,18294,-167.062638,57.3013455
Tammy Becker,53,35410 Davis Ville Suite 691,South Amanda,Delaware,66391,115.823525,-19.456359
Ashley Gross,18,2380 Tonya Trail Apt. 714,East Amanda,Washington,77806,-39.916736,55.9647445
Elizabeth Carroll,57,7359 Michael Parkway Suite 098,South Jeffrey,Minnesota,91479,-148.079403,-56.0193855
Eric Jones,27,602 Margaret Spring,Jennifermouth,Kentucky,22721,24.768198,34.542229
Melinda Silva,51,3379 Lisa Plaza Suite 924,East Tammybury,Rhode Island,53357,80.560090,-81.529244
Jesse Yoder,35,309 Norris Trace Suite 272,Moralesside,Nebraska,32309,135.950228,41.310870
Frances Jimenez,49,4818 Vincent Center Suite 258,Port Tara,Alabama,50479,10.357675,42.6684975
Timothy Murillo,80,77352 Nelson Groves,Melissaport,Wisconsin,30106,33.609489,75.2148935
Jennifer Gonzalez,23,1949 Danielle Ways Suite 571,South Sherri,Florida,96706,-63.679784,-85.586702
Louis Daniels,69,8778 Park Circle Apt. 227,Campbellland,Wisconsin,51096,-78.619037,-42.437757
Heather Berry,35,509 Wiley Inlet Apt. 843,New Adrianstad,Tennessee,21044,130.154191,-24.4132555
Kayla Garcia,49,5302 Steven Springs,North Amandaport,Wisconsin,87063,0.772327,-40.562210
Karen Villanueva,36,747 Melton Cape Suite 708,Williamsmouth,Massachusetts,41424,59.781033,80.0976255
Jessica Morris,29,4019 Perry Mews Suite 644,Juliaville,Massachusetts,74742,-1.769070,-22.786692
Jermaine Fernandez,30,940 Benjamin Station,Zacharyside,Kansas,61005,118.366133,70.3766595
Peter Jimenez,77,2357 Hernandez Rapid,North Debra,Iowa,01943,-7.897447,-28.0538245
Crystal Mahoney,39,1711 Kathleen Street,Geraldshire,Montana,17687,169.566502,76.1224045
Mark Harris,77,4954 Thomas Port,Nicolehaven,South Dakota,96099,-82.548635,8.740040
Cynthia Turner DVM,49,795 Robinson Crescent Suite 271,Port Tammyburgh,Indiana,91000,-29.335616,38.8024085
Lisa Cox,76,7477 Hicks Brook,Port Margaretland,Arizona,28450,-18.097729,-7.2292035
Andrew Charles,53,99627 Mills Fork Suite 023,South Tylerland,Nebraska,36621,-94.368811,-44.7954635
Sylvia Roberts,20,9085 Kathleen Court,East Andrew,Pennsylvania,76782,44.887747,43.824802
Richard Larson,60,847 Kristopher Vista,Danielleburgh,New Jersey,65641,-89.882714,52.155797
Maurice Young,71,7284 Heather Place,Mitchellberg,New York,36265,-59.355586,10.126601
Lisa Berg,46,9772 Johnson Pines Apt. 685,Smithfort,New Mexico,71471,-154.074098,-20.890335
Tanner Phillips,43,9566 Michaela Gateway Suite 411,West Joshua,Indiana,78154,-110.343210,-1.2105365
Jeffrey Chang,62,594 Stevenson Village,Lake Vanessa,Arizona,67381,-147.324584,-21.3255295
Rachel Burns,25,9151 Andrew Tunnel,Richardstown,West Virginia,54769,-26.632503,-35.5851125
Matthew Stevens,54,62174 Bradley Field,West Matthew,Illinois,88791,-117.405732,5.6835585
Nancy Lopez,23,2323 Pam Run Suite 439,New Nathan,Alaska,67836,-175.327236,34.365819
Matthew Francis,67,9213 Joel Parkways,Petersonchester,Wisconsin,01881,56.978899,-35.091420
Eileen Singleton,54,549 Henry Corners,Butlerbury,Louisiana,34116,-47.664594,-69.1278145
Sarah Wolfe,63,676 Robin Loaf Apt. 322,South Jeffrey,Nevada,42199,67.754352,-38.832345
Ryan Jackson,58,4890 Williams Drive,South Barbaraberg,Colorado,85491,-128.957097,-4.0726325
Angela Johnson,32,405 Leslie Mills Apt. 854,New Mary,Kentucky,39727,33.454018,46.676827
Dana Smith,77,056 Ronald Place,South Theodore,Indiana,02875,47.794342,81.1783065
Robert Miller,54,04009 Derrick Viaduct,West Ashleychester,Virginia,75056,54.441782,25.3012225
Vanessa Deleon,54,71172 Macdonald Vista Suite 670,Lake Ericafurt,Ohio,51714,87.885232,-85.570364
Derrick Weaver,47,9394 Jones Tunnel Apt. 534,New Adam,Colorado,67124,-135.006713,86.0576025
Susan Goodwin,41,3373 John Key,Lewismouth,Minnesota,71565,113.607846,64.772635
Tammy Bowen,68,13460 Nancy Square,East Larry,Connecticut,42338,-136.500758,-67.5972075
Michael Baker,21,438 Brittany Cliffs Apt. 327,Cooperburgh,Florida,79257,144.474517,25.033025
Erin Cardenas,80,45583 Kidd Bridge Suite 231,Espinozashire,New Hampshire,11325,-33.476743,88.9826705
Sheri Stewart,26,4164 Carrillo Fort,Port William,Alaska,85831,0.836619,-64.8521075
Daniel Robbins,37,31631 Nixon Fall Suite 912,Welchfurt,Idaho,97364,163.624242,30.3132605
Christina Eaton,42,254 Allison Mountain,Port Cynthia,Louisiana,18427,90.127512,-30.6765735
Meredith Maldonado,77,7837 Chavez Forges,Bennettfurt,Mississippi,17746,61.734493,77.462630
Ashley Mills,42,30739 Smith Stream Apt. 446,South Brianport,Minnesota,60841,-76.650805,59.6989165
Michelle Daniel,34,36101 Charles Summit,Crawfordside,Alabama,82630,78.062395,-32.6204235
Kevin Gordon,39,57692 Mcneil Groves Apt. 128,East Ryan,Wyoming,58434,-37.643215,-83.737784
Linda Hudson,26,83898 Kelly Island Apt. 295,South Michael,Pennsylvania,86965,-177.694063,19.8185455
Kristen Patterson,59,8650 Greene Centers,West Gregory,West Virginia,60503,70.657908,-19.616667
Eugene Goodman,71,84138 Calvin Pine,Lake Kimberly,Vermont,25380,-18.035249,-86.7377875
Jeffery Brown,36,2663 Bell Isle,Gonzalezmouth,Missouri,70574,-20.324664,-18.2466785
Kevin Smith,69,752 Foster Trail,West Christopher,South Dakota,88694,-148.076579,17.405160
Dustin Burton,40,328 Nelson Plaza,North Gregoryborough,Texas,44321,38.137295,-70.8535795
Kenneth Santiago,18,08537 Alvarado Centers,Smithside,New York,20387,-20.147474,-46.166258
Cody Robles,47,165 Wells Skyway Suite 051,South Victoriashire,Alaska,11346,-66.608376,-64.966636
Jessica Brown,79,9975 Melanie Ville,North Donna,Ohio,63443,174.977436,-53.0925815
Norman Lopez,45,3249 Michael Turnpike Apt. 817,Priceland,Colorado,13558,151.533045,71.809342
James Rubio,43,63262 Robert Ports,Vanessafort,Michigan,47325,63.988576,72.5419295
Karen Stafford,41,64980 Walker Point Suite 362,New Rodneyberg,Iowa,08290,30.270436,85.3757665
Albert Gutierrez,40,635 Jeffrey Mountain,North Analand,North Carolina,44267,145.790583,-1.8800745
Henry Turner,54,15627 Norton Shore,North Jessefort,Michigan,92639,-24.830977,-74.149459
David Vargas,70,758 Johnson Mountains,Cassandraborough,New Mexico,13500,90.927059,-63.5568075
Robert Gomez MD,47,1926 John Path Suite 811,Sherrymouth,New Mexico,31704,-37.846047,-19.848472
Betty Ponce,75,87330 Patterson Extension Suite 310,North Erinburgh,Vermont,54658,-3.434951,-86.1855565
Albert Mitchell,41,20456 Shelly Radial Suite 721,Jefferyfurt,Florida,58627,34.233652,63.0286445
Robert Medina,45,214 Darryl Plains,West Michaeltown,Oregon,97768,103.632182,1.3388795
Adriana Burton,70,69612 Margaret Crest,Kennethbury,West Virginia,44119,105.387263,-41.224100
Charles Davis,31,672 Lee Islands,Roymouth,Michigan,95652,-59.962422,-61.372322
Bryan Shea,75,230 Walker Drive,Katherinefort,California,01759,117.276699,-76.0362595
Mrs. Karen Douglas DVM,72,68034 Barton Lodge,Charlesstad,Florida,81933,-82.951054,63.9699765
Mary Cox,43,077 Jeremy Rest Apt. 909,Stoneport,South Carolina,29657,-10.044272,77.558445
Nathan Johnson,57,31614 John Mission Suite 058,Matthewberg,Pennsylvania,33762,85.139473,-19.3420275
Mr. James Miller,74,64609 Mercer Island,South Robertview,Pennsylvania,58284,72.448672,-54.7944185
Eric Mercer,25,74362 Jones Course Apt. 473,North Matthew,Colorado,82661,-130.759474,-79.691572
Jessica Martin,70,6334 Mayo Curve,Schmidttown,Wisconsin,37354,-42.277718,79.4088525
Brian Rodriguez,43,9545 Paul Stream,Mariaton,Maryland,70072,-30.956004,-70.002249
Robert Campbell,38,6305 Stewart Locks Apt. 759,Garcialand,Colorado,06739,-11.553278,-79.936110
Laura Harrison,66,74286 Bailey Mall Apt. 911,Garciafurt,Alaska,82634,-56.083409,-3.692492
Craig Bush,73,280 Wanda Port,East Christopher,New York,77361,-132.812721,-4.0211675
Daisy Long,51,6667 Raymond Walk Suite 600,South Lisa,New Jersey,49534,166.921350,17.404834
Cody Gonzalez,62,68892 Veronica Lock Suite 644,Karenhaven,South Dakota,28620,-62.865158,-8.167461
Linda Hudson PhD,74,0990 Patricia Crescent,Lake Kristina,New Mexico,78137,-110.393865,78.450537
Virginia Medina,35,931 Parker Mission,Port Ronaldview,Tennessee,48821,61.911109,-75.658202
Robert Hodges,36,258 Bass Hills Apt. 232,South Emily,New Jersey,05210,123.742185,64.653269
Nichole Curtis,39,5716 Amanda Underpass Apt. 454,New Briantown,Colorado,55449,-150.012158,-0.289582
Robert Martin,28,726 Clark Park Suite 666,South Heidimouth,West Virginia,50985,-5.993669,26.3309795
Luke Evans,42,85974 Waters Vista,Karenport,Arkansas,69618,103.705006,80.4493575
Jessica Wells,28,259 Wilson Inlet,New Stanleyshire,Wyoming,45551,-72.645041,47.091390
Rachel Curry,30,7916 Gomez Roads Suite 489,Port Andrewburgh,South Dakota,46543,-50.734353,64.990058
Joy Williams,73,8429 Alan Wall,North Cassidyshire,Delaware,38151,-72.313650,33.543869
Stephen Brown,56,81540 Timothy Ridge,West Jack,Illinois,84800,-179.970573,-82.901025
Claudia Gill,75,63086 Raymond Turnpike,Port Julie,Iowa,19101,-50.933894,-83.106257
Jessica Wagner,62,790 Ellis Plaza,Vaughnborough,South Carolina,66975,129.677083,-46.2872305
David Garcia,72,840 Austin Haven Apt. 352,Anthonybury,Wyoming,47632,-169.998914,-26.3145495
Christopher Johnson,61,0729 Williamson Drives,East Angela,Connecticut,16962,-117.864356,21.8839945
Carly Smith,31,43886 Helen Rue,Port Sandra,Florida,89434,-127.652025,-42.680389
Carla Peters,48,73264 Green Haven,Markland,Mississippi,14129,169.446887,10.8726445
Daniel Miller,58,29197 Macdonald Port Suite 993,East Suzannehaven,Nebraska,86701,105.293883,38.1911035
Sierra Davis,77,54503 John Meadow,Mistystad,Nebraska,62970,-89.454390,42.303459
Ethan Hernandez,41,540 Navarro Junction Apt. 747,North Tiffanyberg,New York,25435,137.300085,67.724442
Tyler Mcintyre,37,761 Dylan Pike Suite 575,New Jenniferville,South Dakota,44113,51.001690,-74.538910
Joyce Yates,32,940 Mccormick Heights,Hunterchester,Nevada,79493,148.599165,-46.4537425
Mark Moore,50,930 Sandy Groves,Port Kristinburgh,New York,16489,-49.685397,56.056091
Tina Yates,35,598 Hartman Summit Suite 290,Perryfort,North Dakota,53578,-156.925028,-47.1409615
Sean Hardy,56,9452 Meyer Village Apt. 137,Tracyhaven,Virginia,15640,-160.609565,-43.1999205
Joshua Myers,77,208 Brown Brooks,Bairdmouth,Pennsylvania,21162,-47.679178,-8.581034
Jasmine Olson,35,3012 Hall Prairie,Patelborough,Idaho,08660,-44.338842,-28.310720
Wendy Mckee,77,12853 Timothy Course,West Roytown,Connecticut,74399,-74.362554,-22.829032
Maureen Pitts,32,742 Jasmine Islands,North Rhondaview,Virginia,16836,-124.163438,18.6078455
Kara Goodman,46,594 Carpenter Overpass Suite 868,Wangland,Washington,31855,144.332288,16.5406235
Brian Holmes,20,70924 Hunter Curve Suite 996,Gallowaymouth,Iowa,11034,149.296517,32.7418865
Cassandra Butler,20,57400 Laura Lake Apt. 425,East Patriciaville,Arkansas,34152,4.605967,14.403981
Dylan Thompson,57,14083 John Ridges Apt. 071,Dorothystad,Connecticut,42125,157.602799,0.3704555
Rebecca Sanchez,35,4902 Brandon Wall Apt. 662,East Tammy,Hawaii,21767,94.719355,-50.636416
Laura Rodriguez,34,80467 Kristen Circle,Lake Laura,Pennsylvania,86011,-108.996156,34.056931
Carol Smith,68,430 Amanda Loaf Suite 144,Katherinehaven,Tennessee,96860,-143.763381,-59.9299575
Amanda Fitzgerald,51,363 Castro Track,Sheltonmouth,Maryland,42754,-149.790018,-55.015234
Timothy Jackson,48,247 Wong Freeway,Vickiefurt,Pennsylvania,22785,-109.583815,-64.5596045
Marcus White,26,76578 Myers Road Suite 315,Briantown,Wisconsin,07248,-105.917347,2.300065
Rachel Kennedy,80,1940 Troy Parkways Suite 187,Guzmanfort,New Mexico,80127,151.831697,11.903111
Ashley Campbell,43,950 Willis Key,Carrilloshire,North Carolina,35758,3.500970,62.337391
Heather Perkins,32,7563 Oliver Curve,Port Marcville,Texas,07331,11.840460,62.343486
Christina Diaz,35,646 Travis Trail Apt. 398,Cantrellstad,Massachusetts,14884,57.831081,-38.336226
David Gomez,69,32187 Donald Roads Apt. 077,Foxchester,Idaho,69304,-166.705772,20.5596815
Debra Freeman,27,7032 Rocha Drive,Tiffanyfort,Oregon,43215,-128.052747,-12.4656465
Kirk Gomez,74,85759 Michael Knoll Apt. 196,Natalieburgh,Wisconsin,55811,-161.623272,-6.5036325
Meghan Cross,56,8259 Villarreal Fords,Port Brandon,Louisiana,36728,-82.405315,9.9744655
Teresa Thompson,25,71855 Hall Greens Apt. 132,New Cassandraview,Connecticut,91143,-133.818469,-20.582020
Scott Aguilar,35,624 Meagan Ranch,East Austinchester,Arkansas,80319,-46.027824,2.7439245
Amanda Jones,46,13096 Smith Station Apt. 576,New Ashley,North Dakota,32236,-12.957841,86.122281
Tommy Davis,21,1176 Johnson Valleys Suite 262,New Sheilaborough,Maryland,38249,165.172011,37.463969
Douglas Olsen,47,501 Latoya Ranch,New Adamborough,Maryland,25921,20.780100,47.0868075
Nicholas Hobbs,64,0764 Lopez Spurs,Gwendolynchester,Wisconsin,69123,-30.141866,-33.824054
Mr. Ronald Stephenson II,52,435 Frye Mountains Apt. 628,Morrowtown,Arkansas,38366,38.907531,-87.7471895
Christopher Richardson,48,305 James Plain,Lake Julieberg,Oregon,21701,-1.585362,3.014419
Christopher Collins,76,76501 Kelley Crossing Apt. 245,Briantown,New Jersey,83767,42.798790,-79.1021535
Hayley Bright,19,904 Wallace Island,Bauerbury,Michigan,09336,38.589494,11.166575
Yolanda Smith,72,534 Smith Points,Dylanview,North Carolina,52483,-123.211901,34.958619
Angelica Robinson,18,27754 Blevins Rapids Suite 589,Wrightmouth,Alabama,39007,-72.292519,-69.0118795
Hayley Warner,67,082 Webb Locks Apt. 441,West Manuel,Illinois,12193,149.659082,-76.2062945
Morgan Flores,37,80428 Villegas Lights,Port Charlesburgh,Minnesota,64921,163.914089,89.4675035
Shannon Chandler,79,308 Kelly Harbor Apt. 310,West Marcusburgh,Alabama,60111,3.601930,-83.827456
Jason Smith,71,68300 Knight Mountains,North Jimmyton,Alabama,41609,-150.952447,24.7622595
Richard Dominguez,58,3602 Pugh Points Apt. 941,Middletonchester,South Carolina,27889,52.197663,6.8579495
Teresa Burke,50,21807 Nicolas Skyway Suite 547,West Jason,Maine,64899,-88.487616,-89.762694
Christopher Nichols,55,1806 Lori Centers,Port Melissatown,Connecticut,91402,-75.654672,-62.452837
Leonard Levine,78,03558 Amanda Mountain,Port Jenniferton,Montana,99442,-122.750809,-79.531068
Jennifer Smith,78,954 Brent Forges Suite 147,Maryfort,Idaho,07080,-0.819007,22.392247
Cynthia Jones,64,82287 Stacey Spurs,Youngburgh,Wyoming,53060,-11.456016,-77.541908
Donald Duran,38,118 Chung Key Suite 329,West Suzanneville,Georgia,55522,-59.720628,-21.850512
Jake Jackson,29,698 Elizabeth Locks Suite 445,Port Robinshire,West Virginia,45197,3.776721,45.723535
Dana Brooks,48,119 Paul Underpass Suite 083,Josephmouth,Utah,13862,140.241122,28.0193555
Susan Hammond MD,51,55235 Kelly Mountain,Katherineview,Virginia,33389,107.769989,63.231987
Derrick Reyes,60,714 Garcia Manor Suite 007,Karenview,Hawaii,99291,-83.202445,-49.8370335
Hannah Suarez,49,6243 Melinda Hill,Lake Johnathan,Wisconsin,95620,-77.901644,19.716540
George Nguyen,40,1105 Carol Ridge,Bradytown,West Virginia,54403,129.989218,-10.645119
Zachary Sampson,28,87265 Kathleen Expressway,Jonesview,Kansas,76804,-3.259460,-57.625132
Carl Jackson,61,521 Armstrong Shores Apt. 531,Morrisview,Delaware,59685,-72.135197,-83.525816
Jennifer Levy,28,85389 Smith Glen,Port Travis,New Mexico,60928,119.614397,-10.730855
Martin Ross,58,048 Porter Motorway Apt. 043,West Thomas,Louisiana,43042,-125.423571,44.9830415
Daniel Patterson,74,8993 Stephenson Views,Port Annemouth,Indiana,78064,-113.460635,54.4636005
Stephanie Watkins,31,503 Montgomery Forge Suite 969,Theresafort,New Mexico,04988,81.895914,-73.980235
Kristen Lane,79,3572 Michelle Inlet,New Brenda,South Dakota,73319,87.405717,-70.2123295
Terrence Nelson,59,20038 Hill Summit Suite 707,Diazborough,West Virginia,73734,-177.827229,-23.9215505
Jason Kelley,54,5291 Madison Run,Greeneborough,West Virginia,21393,16.330288,39.0919675
Mitchell Hampton,34,04444 Christopher Isle,Elizabethhaven,California,99892,44.589617,-45.955040
Randall Kelley,59,2529 Taylor Valley Suite 811,Port Rebecca,Virginia,85789,-26.312512,-21.5024395
Erica Jones,24,83056 Johnson Track,Patriciachester,Mississippi,33878,152.872103,-24.535284
James Hernandez,40,8896 Mitchell Crest Suite 262,Lesliehaven,New Jersey,55148,179.307541,14.0212275
Jamie Smith,32,971 Wells Lane Apt. 824,Dennisshire,Maryland,50608,107.450923,60.4389875
Daniel Moore,62,37118 Donald Stravenue Suite 918,West Courtney,Maine,32135,-101.269064,-61.073765
Spencer Ortiz,47,00943 Berry Summit,East Charles,Nevada,10915,-165.736105,-28.1961015
Adam Tanner,52,886 Sanchez Falls,Shahmouth,Kansas,29496,-166.164110,43.526747
Linda Moore,74,48900 Matthew Isle,Scottberg,Alaska,59133,123.823226,73.9758255
Ashley Stewart,54,3316 Frederick Wall,Michaelhaven,Wisconsin,51657,-55.255364,82.274410
Mallory Smith,45,9564 Dustin Knolls Apt. 285,South Randyview,Hawaii,36705,-79.914552,-12.691731
Carol Suarez,50,078 Davis Ramp Suite 407,Williamshaven,New Jersey,67142,-78.041127,-65.7296645
Heather Miller,63,9121 Lawrence Estate Suite 851,Riosborough,Kentucky,07976,74.580075,-19.0500585
Michelle Evans,47,9451 Wang Path,Glovermouth,Massachusetts,47561,-136.378196,57.5373765
Aaron Howard,46,069 Luis Mill,Edwardside,Missouri,33171,65.715532,-5.9373475
Mary Hendrix,39,8010 Flynn Highway Apt. 012,South Joshuatown,Maine,29014,110.820815,-60.982165
Marie Orozco,57,5665 Dominguez Pike,Vasquezmouth,Georgia,76189,-131.872006,38.398450
Tara Christensen,50,901 Jessica Rue,West Tony,Delaware,31607,47.172050,22.308861
Jennifer Parrish,32,168 Mccullough Circle Apt. 655,Carlsonborough,Missouri,49138,30.657705,-56.037614
Joseph Walker,60,3721 Miranda Square,North Tracystad,Utah,87213,-38.980528,25.7744595
Tina Mccullough,70,023 Cynthia Port,Herrerafurt,Washington,42182,18.812299,19.433704
Kayla Johnston,39,6002 Beasley Forest Apt. 372,Keithmouth,Oklahoma,03704,114.085423,-63.139706
Larry Franklin,53,18188 Forbes Fort Apt. 202,Calebville,Texas,94075,-151.713376,19.034845
Seth Tucker,50,890 Louis Loaf,West Jean,Kentucky,95699,-141.396737,73.214472
Justin Parsons,49,07471 Pennington Lodge,Robertsstad,West Virginia,30943,-121.723906,-51.454806
David Clark,55,15249 Meadows Springs Suite 433,East Yolanda,Massachusetts,80900,2.798329,-9.3947655
Omar Carter,63,5016 Roth Hill,East Michael,Georgia,90422,27.184286,21.3135995
Vanessa Berry,53,633 Garcia Park Apt. 995,Lake Christopherton,Minnesota,94563,-75.243470,10.4930055
Angela Johnson,28,17120 Bridges Forges Apt. 178,Lake Alexisburgh,Vermont,05492,96.419890,56.7178365
Joshua Banks,68,647 Ruiz Highway Suite 108,Lake Stuart,Massachusetts,74574,167.131836,16.8456435
Jeffery Alexander,26,39304 Kim Ford Suite 412,Port Candice,Delaware,75440,98.454678,12.937610
Nicholas Roberson,69,83883 John Camp,Kennethport,Florida,32379,55.161450,-8.0739395
Sarah Ford,19,87167 Day Junction,East Cory,Minnesota,56384,111.079998,85.4591705
Kathy Vaughn,75,33991 Bennett Manor Suite 841,Morrisberg,South Dakota,32526,114.794613,64.1020465
Megan Williams,58,2988 Jacob Dale,New Michelletown,Nebraska,49804,55.287587,16.949845
David Torres,51,8678 James Glen,Hodgeport,West Virginia,95504,-112.338833,10.617974
Jaclyn Sawyer,79,8068 Pamela Cliffs,Lake Williamland,Georgia,61095,45.134180,5.006750
Bianca Rosario,39,98365 John Light,Matthewfort,New Jersey,04187,79.854783,-7.6377635
Jorge Hoffman,53,02937 Mccoy Flats,New Johnfurt,Tennessee,10105,-173.593500,30.262066
Brandon Yu,24,903 David Springs Suite 505,West Josephtown,Georgia,09494,78.526915,41.303524
Phillip Roberson,69,260 Deborah Spur,West Lori,Maine,17498,-130.205866,10.581360
Ashley Contreras,63,4004 Bernard Centers,Salazarfurt,Nebraska,86396,-103.584687,74.954717
William Jones,52,5154 Jeremy Field Suite 117,Michaelchester,South Dakota,04679,-54.166620,-37.165400
Shelley Cohen,56,6381 Gary Summit Suite 237,Ashleyside,Washington,03592,-161.474094,-88.159545
Alexander Green,61,9995 Gail Way Apt. 218,Hessberg,Hawaii,48410,-30.526826,-75.3114725
Alexander Coleman Jr.,46,6012 Joel Haven Apt. 765,Shannonmouth,Vermont,85207,95.852302,26.728660
Carl Peterson,52,121 Wong Spring Suite 298,East Robertamouth,New Mexico,66258,-31.518227,11.555615
Olivia Vang,36,028 Michelle Coves Apt. 729,Sheamouth,Wyoming,86177,-14.059072,54.4453045
Ruth Davenport,21,3798 Felicia Common,New Robinport,North Dakota,19541,176.235711,68.1461705
Michael Richard,27,63655 Murphy Rapids,Mcdanielland,Wyoming,17677,55.051461,-27.009176
Hector Brown,75,51194 Clark Fort Suite 876,South Jeffrey,Missouri,68770,-114.206666,-85.653464
Angel Boyd,23,008 Terri Avenue,Gregoryshire,Washington,44762,-124.581886,32.813316
Zachary Davila,29,849 White Inlet Suite 002,West Carl,Indiana,46792,-36.861495,-44.2317245
Andre Mann,26,3188 Peterson Cliff Suite 288,North Jacqueline,North Carolina,98530,-15.992756,-58.283770
Ashley Diaz,48,22458 Perez Lane Apt. 496,Davischester,North Dakota,45467,-72.478780,42.6574845
Lauren Willis,25,7841 Torres Ports Apt. 535,Port Heather,South Carolina,01484,-167.950122,-84.2775735
Melanie Washington,75,85808 Erickson Villages,Robertston,Alaska,51974,17.811834,45.8567105
Richard Shaffer,55,972 Ashley River,Stevefort,Kentucky,32670,-140.269099,38.644273
Donald Lambert,29,527 Prince Pass,Port Jesse,New Mexico,71072,22.847898,76.902800
Kathy Finley,42,685 Thompson Lock Suite 591,New Stuartbury,Maryland,47591,-66.884989,-11.5389225
John Henson,22,48581 Brown Burg,Richardville,Washington,36529,126.038601,-49.8085915
Clinton Baker,37,9927 Donald Cove,Lake Cynthiaville,Iowa,45606,-145.299790,36.0369275
Tammy Walsh,24,3566 Deborah Isle,Billyburgh,South Dakota,35823,84.009091,-6.8313125
Mr. Christopher Hodge,79,0595 Dougherty Camp Apt. 235,Mitchellview,Illinois,45333,153.660398,-58.054645
Lisa Booker,24,36257 Le Unions Apt. 559,Hurstside,Kansas,37238,-27.439838,48.444075
Justin Foster,76,696 Ricky Drive Suite 670,Aguilarberg,New Mexico,68205,-39.915586,71.5542065
Jennifer Parker,54,450 Lee Camp,Hoodmouth,Massachusetts,44247,-173.616000,-6.090937
Kyle Davis,48,1228 Lynch Expressway,Raytown,North Carolina,10680,-44.552125,-62.965741
Anthony Carney,44,821 Floyd Pine Suite 378,Priceton,Tennessee,04809,-4.756202,79.2314545
Timothy Harris,23,5713 Monica Glen,West Leslieport,Iowa,31666,-129.097362,-13.211051
Robert Cooper,19,69990 Torres Ferry,Deborahmouth,Idaho,63544,-5.265613,23.113187
Jaime Freeman,29,5572 Dalton Burg,New Julie,Maine,83903,-47.333288,-62.7995495
Kelly Estes,60,023 Dickerson Freeway Suite 274,North Mariastad,Georgia,16024,-14.897009,-67.3250545
Shaun Brown,77,379 Stanton Heights,Ayalaton,South Carolina,49520,156.215553,-57.816088
Laura Gill,34,099 Carrie Manors Apt. 139,Andersonview,California,85189,-154.530201,-61.3174575
Gregory Mejia,26,73270 Fields Keys,Westchester,Vermont,44333,-4.226739,47.5582285
Dan Reed,43,01372 Caldwell Well Apt. 903,Laurieberg,Oklahoma,76339,-13.929942,-74.651432
Jamie Romero,45,636 Stephen Groves Suite 499,Amandamouth,South Dakota,26672,124.272755,-53.0012315
Christine Hoffman,32,31071 Dustin Lock Suite 807,Lake Carmen,Rhode Island,26241,152.648443,31.047094
Sarah Wood,65,63189 Janice Point Suite 027,Pearsonview,South Carolina,77010,-171.607822,-70.102900
Cheryl Hayden DDS,43,27260 Williams Cliffs,West Cody,North Carolina,48027,153.303177,-58.966505
Kevin Nguyen,79,1678 Joshua Tunnel,North Lisamouth,Oklahoma,94929,61.822015,58.523031
Steven Newman,62,0151 Wallace Turnpike,Port Elizabeth,Oregon,67243,73.463988,10.624579
Jacqueline Holt,37,859 Moore Knoll Suite 484,New Johnathanchester,Virginia,90605,-179.071327,-60.5361985
Elizabeth Smith,73,4072 David Locks Suite 377,East Brandon,Missouri,03046,-157.306842,12.797912
Mr. Brian Garner,76,29918 Carter Meadow,Susanfort,New Hampshire,06427,5.592824,-36.345958
Donald Butler,54,9688 Summers Mountains Apt. 245,Anthonyside,Maryland,84446,26.391073,-84.522348
James Smith,54,4594 Brady Branch,New Robin,Mississippi,06644,136.498660,6.8158985
Carol Rodriguez,53,6687 Kyle Underpass Suite 671,Stephenside,Vermont,69562,79.164088,-21.899321
Aimee Pacheco,52,912 Sheila Parkways,Melissahaven,Nebraska,15347,-39.847091,52.069882
Marcus Sellers,40,1484 Adam Lodge,Andrewshire,Hawaii,39181,-112.606987,12.9613905
Ryan Rice,39,972 Wright Groves,Seanborough,Hawaii,60720,-41.074803,47.7095605
Evan Miller,28,9095 Alan Pike,Sarashire,Idaho,23005,-56.548129,-54.554474
Rebecca Parker,65,09441 Cox Spring,East Evelyn,Oklahoma,27746,142.452504,31.6878275
Randy Vazquez,55,144 David Neck Apt. 818,Mitchellberg,Texas,51256,-73.939753,73.951057
Stephanie Simmons,36,310 Antonio Prairie,Erinchester,Mississippi,92019,-45.117220,-78.4193595
John Mcdowell,34,956 Matthew Walk Apt. 915,Thomasville,Alaska,09253,-94.879733,76.1963975
Nicole Le,50,470 Brad Summit Apt. 296,Joshuaberg,Illinois,95189,-140.116652,-86.313654
Michelle Gutierrez,55,157 Mcfarland Inlet,South Lorimouth,Vermont,39445,-107.687653,70.5805075
Caitlyn Gonzalez,30,131 Wilson Highway,Lyonsmouth,Mississippi,98633,-50.881644,-10.871679
Susan Thompson,64,9335 Sanders Summit Suite 835,Carrshire,Connecticut,33598,52.037381,-62.825860
Michael Hamilton,44,354 Walter Forks,New Luiston,Montana,57716,-8.987106,22.755666
Patricia Larson,65,1166 Garcia Stream,North Stephanie,Georgia,52027,-4.687817,-0.5709995
Jacqueline Eaton,80,9351 Berger Loaf,Parkerberg,Vermont,59750,-81.688679,-33.7806105
Deborah Vargas,63,0952 Taylor Stravenue Suite 020,North Erin,Wyoming,10648,-22.112315,43.421453
Clayton Clark,63,8418 Edwards Stream,Rhondaport,New Hampshire,38140,49.201100,24.121061
William Villa,69,2864 Tamara Plain,North Mitchell,Kentucky,51280,-128.963699,-7.1260115
Sarah Shelton,56,492 Williams Ways,West Janefurt,Louisiana,32078,-5.302253,-35.769085
Michael Molina,42,77861 Hess Gateway,Richardfort,Oregon,03216,95.366826,66.220664
Brian Patterson,26,60343 Jacob Burg Suite 832,Kyleburgh,Wyoming,94678,-147.229122,-33.507099
Mark Strong,28,5175 Montgomery Knolls Suite 562,Patelburgh,Wisconsin,90075,158.598684,-2.586366
Austin Shepherd,56,168 Tammy Extension Apt. 897,New Chasefurt,Virginia,40239,-101.862550,-36.695581
David Chandler,40,05650 Sarah Mount Suite 646,Port Samantha,Massachusetts,67907,-12.005397,-86.121081
Brandon Johnson,78,569 Teresa Valley,Wrightchester,Connecticut,89951,-95.639403,28.3362075
Michelle Benton,37,4258 Lisa Meadow,Carterfort,Utah,93853,96.202234,-10.851564
Steven Valentine,32,2557 Hodge Brooks,West Jasminefurt,Maryland,88632,-91.710601,89.1700485
Suzanne Petersen,48,5799 Jennifer Harbors,Lake Kimberly,Kentucky,93388,10.457716,-85.639712
Kimberly Smith,19,6801 Donna Skyway Apt. 250,Karenside,Illinois,41617,-128.350813,38.493021
Jose Taylor,54,023 Jackson Gateway,South Cheryl,Wisconsin,44217,-57.880054,58.9045615
April Clark,77,830 Jeremiah Isle,West Alexisside,Minnesota,01165,150.596791,72.939316
Jeremy Mcclure,20,974 Mark Wall,Lake Mariabury,New Jersey,84413,-116.514968,11.5116975
Jennifer Chan,28,5718 Cabrera Extension,North Christopher,Florida,34220,-161.982624,-41.7944115
Sarah Waller,40,8724 Contreras Radial,East Devinmouth,Maryland,51858,-102.190374,-76.370613
Michaela Schwartz,67,3033 Robert Plaza Apt. 521,West Williamhaven,Maine,68508,-141.067575,-80.865182
Robin Anderson,23,1350 Dean Light,Richardsonland,Alaska,88129,131.668884,-4.2790115
Mary Johnson,26,225 Jimenez Estate Suite 170,New Johnland,New York,94531,-128.414965,-54.051027
Eileen Hampton,59,196 Chapman Court Suite 957,Hernandezview,Idaho,87190,-138.544815,22.485077
Nicholas Barnes,38,957 Powell Parkways Suite 975,Petersontown,California,68015,82.817127,-51.1102845
Darrell Harrison,45,5093 Sanchez Estate,West Keith,New Jersey,23725,-71.000165,-49.183694
Amy Lowe,21,115 Jones Branch,Nancyview,Washington,53491,27.360256,-59.7810165
Mrs. Daisy Ward,25,68395 Nancy Harbors,South Markberg,Alaska,07378,-12.611147,43.7450115
Antonio Gross,39,33261 Pham Shores Suite 753,North Amandabury,Connecticut,11057,-126.370830,-39.886734
Jessica Rodriguez,25,95503 Morton Rapid,Richardstad,Missouri,62848,-168.820206,-74.3388345
Kimberly Arellano,34,292 Max Highway,South Dakotabury,Oklahoma,97545,-163.016162,-47.100748
Willie Turner,68,9626 Ashley Row Suite 878,Lake Matthewton,Mississippi,82626,-121.475109,-61.8831585
Jose Pham,22,5694 Charles Bypass Apt. 142,West Sarah,Texas,90694,107.441530,41.718232
Mr. Robert West,78,791 Whitney Loaf,Jonesland,New Hampshire,16361,159.306698,35.8882585
Samantha Mitchell,24,1608 Leblanc Plains Apt. 507,Lake Bradley,West Virginia,34731,-111.060541,-37.805395
Bryan Stuart,79,274 Veronica Burgs,Wufort,New Jersey,87989,-114.908039,26.9946445
Leslie Fisher,31,638 Fox Tunnel,Port Samanthamouth,Idaho,86260,-5.179411,-11.9514495
Nicholas Hawkins,50,9150 Brittney Locks Apt. 089,Williamston,Colorado,76887,71.866840,-89.6415755
Cynthia Jones,25,862 Powers Lock Apt. 093,North Kellyport,Kansas,46791,-47.200233,-42.937683
Michael Roberts,65,18267 Nelson Ways,Skinnerside,Alabama,06836,16.495506,-80.5848755
Jordan Perez,76,5445 Torres Rapids Suite 660,Port Stephanie,Hawaii,45574,97.217295,89.6787585
Cheryl Williams,55,79564 Weber Crest,Lake Joy,South Carolina,01596,91.372375,42.590273
Steven Wells,41,05285 Kelley Causeway Apt. 187,West Tiffany,Virginia,04668,179.194314,-33.253855
Ms. Katie Leach,41,33430 Wallace Valleys Apt. 410,East Pamelachester,South Dakota,08519,88.795595,-81.825934
Victoria Hernandez,35,8907 Richardson Shoals,New Carlashire,Kentucky,28204,-31.021930,-21.171682
Guy Hudson,68,552 Stephens Light,East Annaton,Mississippi,67233,14.881469,39.7578965
Erika Day,35,06532 Monroe Common,South Julia,Vermont,58466,-112.142412,53.453736
Brian Ross,50,506 Garcia Plain Suite 539,East Tom,Nebraska,90027,-176.089324,-28.210176
Nicholas Heath,41,78459 Sawyer Tunnel,Cuevasfort,North Dakota,99655,-33.368219,68.197523
Lauren Vance,66,4353 Thomas Greens Apt. 860,East Brittany,Delaware,28145,-104.870081,11.440762
Virginia Dyer,37,465 Harper Heights,West Dannyburgh,Missouri,44060,-20.910871,-0.619947
Juan Bryant,63,917 Gonzales Greens,Paulburgh,Massachusetts,92353,-20.152580,-32.547340
Christopher Mills,29,45407 Coleman Plains,Henrytown,Nevada,65357,-13.023771,63.4020445
Michelle Welch,78,00355 Fields Gateway Apt. 373,Jessicaport,Nevada,95029,79.202366,-89.3591745
Regina Reed,21,9432 Griffin Shore,Zacharyton,Arizona,31515,118.274507,-77.586662
Fernando Taylor,42,674 Williams Gateway,Shawntown,Colorado,92918,-144.756601,-59.272190
James Duncan,36,026 Melanie Drive,Matthewfort,Tennessee,35772,-66.752143,-64.416110
Mr. Nicholas Hart,47,65222 Perez Brooks,Moorechester,California,55859,24.752173,-81.8013975
Casey Wells,18,924 Cheyenne Points Apt. 152,Gonzalesburgh,Wisconsin,68071,101.358841,-5.909622
Kirsten Dudley,78,278 Janice Hills,Maddoxshire,Missouri,70201,-32.704384,-79.6317025
Deanna Guzman,50,3818 Alexander Shores Apt. 655,Jarvisstad,Iowa,63873,-71.089541,-65.761251
Dr. Terry Hamilton,53,94773 Campbell Mews Suite 499,Mercadofort,Connecticut,53274,-94.712355,-6.5897125
Jack Collins,71,6134 Harris Falls,Mcdonaldchester,South Carolina,02885,169.161837,-40.683566
Ashley Werner,37,6381 Chase Garden Apt. 054,Josephmouth,Arkansas,98213,66.015888,-12.897154
Erin Hill,53,59331 Dennis Coves Suite 088,West Meganstad,Massachusetts,87198,-48.967429,-87.775118
James Johnson,71,0251 Cook Circle,Lorimouth,Oklahoma,80720,-3.659957,79.969789
Keith Salazar,61,16807 Mark Squares,East Carolyn,Montana,43029,166.695953,-78.5195605
Michael Sanchez,50,836 Bradley Path Apt. 460,New Samuel,Mississippi,23770,141.154689,52.189451
Samuel Parker,40,8085 Amanda Court Apt. 335,Lake Tanya,Washington,81556,105.395478,54.855921
Vickie Carlson,41,9428 Morrison Manors,North Meaganside,Kansas,26787,-80.140367,76.6739905
Bradley Gonzalez,45,73630 Kyle Crescent,East Walter,Wyoming,68919,-104.735687,89.272613
Timothy Heath,75,52802 Elizabeth Heights,East John,Connecticut,52185,-144.311251,69.919504
Alex Newman,59,60107 Alicia Islands Suite 369,Lake Kenneth,New York,33035,172.989121,-84.4306255
James Fisher,25,38156 Lane Glens Apt. 740,South Lindaport,Washington,19320,145.894523,46.1145115
Amy Jackson,51,4751 Max Drive Suite 472,Andrewview,Washington,60723,-50.424304,25.574992
Erin Daniels,70,7044 Jodi Views Apt. 504,Rebeccaborough,Idaho,58024,-10.448783,30.9825545
Denise Meadows,48,910 Moon Plain Suite 324,Cristinaville,Arizona,75137,-35.211499,73.6557875
Keith Harrington,41,9872 Ryan Villages,Port Johntown,Michigan,11064,-67.749238,49.5996105
Daniel Cortez,57,9050 Johnson Mission Suite 119,Lake Rachelside,Pennsylvania,19683,155.095751,-49.453850
Jessica Blackburn,32,499 Nathaniel Causeway Apt. 467,Kendratown,Alabama,72239,-34.330581,-68.436656
Lisa Sullivan,54,91390 Eric Squares Apt. 176,East James,Kentucky,66760,174.388315,-53.7105565
Lisa Mcintosh,34,413 Morton Ferry Suite 100,New Johnstad,Illinois,55533,148.298484,6.1054405
Bradley Thompson,58,912 Henry Run Apt. 611,East Sarah,Louisiana,31879,161.022690,42.260104
Amanda Alvarez,42,89576 Keith Rest,Keithburgh,Kentucky,14452,-146.534740,54.370555
Lisa Thompson,59,5314 Francis Inlet,Maxwellmouth,Michigan,50891,128.137585,12.973658
Johnny Stephenson,43,2562 Ashley Shores,Baileyton,Florida,05738,-52.433853,-67.3407205
Brendan Chavez,68,21490 Michael River Apt. 573,Evansmouth,Arkansas,75693,-69.598827,-63.269670
Tanya Williams,33,86248 Erik Spring,Roseville,New Mexico,66401,174.367709,-13.047846
Melissa Frye,50,85899 Jones Streets Apt. 113,Whiteberg,Rhode Island,40935,-75.861876,55.7423185
Theresa Macias MD,47,086 Robles Flat,Kimberlyhaven,Wyoming,06431,-106.291353,72.094437
Abigail Anderson,25,4329 Hayden Overpass Suite 439,West Kevinstad,Pennsylvania,56404,87.606749,15.9872805
Sheryl Allison,52,05614 Luis Isle Suite 343,New Amanda,Indiana,11536,167.155092,73.056210
Sarah Dawson,53,012 Smith Cliffs Apt. 468,Garciaport,Maryland,17027,114.629107,-88.1093265
Chelsea Brown,58,73386 Angela Trail Apt. 582,North Juan,Colorado,74751,-113.693881,43.7730745
Scott Long,52,3516 Brittany Valleys Apt. 792,Woodside,Michigan,74410,114.521488,73.4227255
Tyrone Adams,36,93375 Mcgrath Lock,Martinezview,Idaho,10620,99.570648,10.166747
Lori Lopez,35,5394 Cheryl Terrace Apt. 301,Kathleenchester,Idaho,56779,55.256568,-36.3526715
Tracy Smith,58,23727 Garrett Union,West Richardchester,Indiana,76188,116.118586,-44.445447
Patrick Baxter,28,20188 Flores Trail Suite 108,Lake Linda,Florida,51520,165.253563,3.0422925
Angelica Reeves,71,8804 Heather Station Apt. 712,North Laura,Michigan,12003,-100.326221,-14.5327155
Sheila Buckley,70,767 Miller Bridge,Port Joseph,Iowa,22435,31.503535,-35.416284
Julian Santiago,66,77966 Wilkerson Court,East Seth,Alabama,98958,-103.898322,78.171124
Gregory Johnson,23,7614 Catherine Circle Apt. 678,East Carloshaven,Connecticut,80958,-29.313207,43.6550385
Joseph Arias,38,123 Jacob Expressway Apt. 168,Lake Rebecca,Tennessee,40070,173.598858,-33.547689
Regina Davis,51,5445 Julia Club,Myersview,West Virginia,56131,102.383245,22.9633485
Kayla Brown,30,79545 Frederick Rapid,Greenville,South Carolina,06616,-45.139300,80.7116215
Summer Callahan,39,862 Michael Rue Suite 384,Port Gregorybury,New Mexico,54849,76.921785,47.6911715
Dr. Susan Martin,57,883 Henson Hills,New Michaelfurt,Colorado,44383,-104.406304,80.188896
Javier Crawford,26,59086 Joseph Coves,Danielfort,North Carolina,75587,-112.408880,-60.9121105
Michele Santana,40,80801 Rogers Parks,East Elizabeth,Michigan,78783,23.415840,-28.6972645
Marvin Carroll,75,825 Jason Cove,Carpenterville,Vermont,30992,-161.661765,-45.630706
Leon Thompson,53,8312 Joseph Coves,Port Kevin,West Virginia,93671,157.979655,83.2179965
Jesse Drake,59,427 Angela Throughway Apt. 122,South Melissamouth,New Hampshire,33094,-52.042646,-41.649662
Joseph Carter,70,9904 Linda Views Suite 705,New Conniemouth,Nebraska,27220,17.879750,19.025536
Amber Wallace,70,12225 Christina Landing Apt. 316,Clarkville,Nevada,45846,-176.331762,-16.8296745
Lauren Barker,30,770 Collins Trafficway,Kiaraton,Kansas,10312,-119.968816,71.3176975
Amy Charles,32,15408 Morris Trace,Port Nicoleview,Colorado,10115,10.789452,6.2094925
Alexandra Davis,79,3291 Delgado Flats,Curtisshire,North Carolina,42139,-133.357546,51.3415455
John Morris,29,1123 David Green,South Moniqueville,Oregon,61108,135.369753,-64.8385275
Lisa Nielsen,22,130 Page Meadow Suite 577,Lake Sarahhaven,Arizona,30641,-76.634914,2.3072065
Tiffany Smith,40,159 Scott Course Suite 042,Port Jenna,New Hampshire,44711,172.757321,87.7571325
Charlotte Church,43,7891 Price Junction Apt. 873,Danielville,North Dakota,14453,39.828793,50.6471845
Bradley Evans,76,89343 Henry Ferry,Walkerhaven,Washington,45767,-42.791392,-51.4020535
Daniel Mcconnell,53,547 Wilson Lakes,North Seanport,West Virginia,29562,-98.049091,60.305316
Nicholas Jones,76,2785 Paul Crescent,Robinsonburgh,Montana,36221,168.356772,87.978548
Eddie Jones,58,076 Duane Valleys Suite 266,New Aliceberg,Ohio,99823,-52.908539,-2.677235
Molly Matthews,48,098 Kathleen Alley Apt. 315,Maxwellmouth,Connecticut,89948,93.891387,-44.0043025
Andrew Cannon,60,439 Robles Shores,Port Shirleyside,Arizona,86532,-179.438491,66.8752465
Cindy Miller,70,839 Matthew Stream,New Lindashire,Georgia,61569,-30.393270,80.282268
Adrian Davis,62,8476 Davenport Club Apt. 608,New Jennifer,Ohio,86539,-157.902701,-17.791473
David Warren,50,615 Gregory Ferry,New Tanya,Nevada,78721,-44.947100,71.974808
Brady Orozco,20,415 Curtis Port Apt. 153,Laurafurt,New Mexico,94581,-68.900360,40.5445945
Billy Jones,24,919 Williams Expressway Suite 464,Port Ryan,North Carolina,91811,-86.841891,-32.164651
Joshua Young,22,9054 Robert Lane,Julieberg,Rhode Island,66665,-164.148172,-19.6571665
Ronald Martinez,80,89061 Valerie Ports,South Tarabury,Maryland,11130,82.964116,-73.914859
Antonio Mills,76,4357 Morgan Rapid Apt. 822,Lake Justin,Alabama,94229,58.381452,79.3598725
Ryan Miller,67,111 Santana Pass Suite 849,North Tina,West Virginia,52261,51.469498,-56.573843
Michael White,35,519 Matthew Springs Apt. 906,South Ryan,Oklahoma,26591,-91.914857,-26.822202
David Bass,54,5405 Robert Harbors Suite 448,New Steven,Wisconsin,61543,41.625299,24.861328
Eric Wright,80,58764 Joshua Expressway,East Zacharyborough,Nevada,07071,21.954439,-12.988617
Craig Williams,37,239 Misty Manors,Timothyshire,Delaware,15333,169.923439,89.6112355
Christina Ellis,30,90581 Campbell Drive Apt. 069,New Sara,Virginia,31481,49.753052,-52.513089
Travis Wright,44,783 Kathleen Groves,Ortizmouth,Maryland,78690,3.106143,-85.0792125
Julie Webb,30,04970 Blair Turnpike Suite 324,Gonzalezbury,Iowa,95841,13.910863,-18.0712425
Natalie Lopez,80,0329 Jordan Shores Suite 729,Averyville,Mississippi,87190,-36.165674,48.9753405
Erik Michael,79,890 Bowman Manor,West Brian,South Carolina,81438,-19.255187,10.0871895
Jason Hawkins,20,0444 Daniel Spur,Jameschester,Missouri,52289,94.556045,60.356209
Noah Rodriguez,80,7941 Laurie Port,Connermouth,Delaware,44715,14.805270,34.045108
Andrew Carroll,63,077 Kevin Courts Apt. 846,South Sarahburgh,North Carolina,17024,-126.677223,-20.594311
Cindy Dalton,34,4447 Sims Ville Suite 140,East Kristinaton,Virginia,89033,104.013602,-53.0319315
Cody Jones,50,3237 Lane Port Apt. 166,Curtisfort,Massachusetts,71652,151.251087,8.227985
David Campbell,21,601 Keith Groves,East Kristen,Missouri,26593,-160.857961,-13.6604315
Mr. Jerome Lee,19,1784 Hayden Shore,Gambleshire,Maine,53109,95.949377,34.9559005
Adam Fernandez,67,07256 Michelle Summit Suite 096,Lake Jennifer,Pennsylvania,07257,95.416777,-27.6594625
James Underwood,49,8858 Jacob Shores Suite 350,Billland,Nevada,34231,82.782767,17.538568
Holly Bryant,50,3525 Laura Meadows Suite 419,North Kendra,Missouri,92934,141.218965,-82.762339
Jennifer Jackson,78,6293 Campbell Summit Apt. 810,West Shellyland,Idaho,37074,-123.957883,84.523731
Laura Tucker,59,78578 Randy Prairie Suite 510,Hoffmanchester,Oklahoma,02911,-12.173941,3.206586
Timothy Brewer,78,57582 Cheryl Throughway,Williamsberg,Tennessee,79294,171.715961,-11.6878235
Laura White,27,9566 Megan Summit Apt. 160,Mariaborough,Utah,51125,-130.750787,-0.576842
Lawrence Gallagher,34,9816 Denise Drive Suite 304,New Henrymouth,Kentucky,27150,-107.698376,25.957434
Heather Jones,65,775 Matthew Dam Apt. 495,Port Louis,Wisconsin,52208,-95.098757,42.910944
Chloe Smith,64,3434 Charles Estate,Port Justin,Utah,25344,-115.963469,-58.4190825
David Martin,57,55708 Michelle Crest Apt. 143,Millerside,Texas,36408,-14.100176,48.853222
Melissa Carroll,79,92607 Lori Manor,New Christopher,Colorado,60237,-4.858691,77.3458735
Tyler Johnson,36,2678 Hodges Springs Apt. 786,Whitemouth,Ohio,24157,91.817508,75.139347
Kevin Harper,48,69637 Brown Spring,West Nathanstad,Maine,50405,-122.839300,56.614349
Kevin Tucker,66,43115 Parker Highway Suite 975,Grahambury,Iowa,21157,-145.571417,41.2064055
Brandon Wilson,61,18733 Peter Flat,Gomezhaven,Alaska,05669,102.177774,30.398003
Phillip Peters,66,5697 Edwards Bypass Apt. 533,Cruzfort,Oklahoma,54404,176.292596,31.8677725
Richard Baker,46,00966 Sarah Well Apt. 763,South Cody,Pennsylvania,97716,-134.422083,-21.7084725
Erik Jefferson,52,467 Jeffrey Road Suite 725,Castrostad,Texas,41304,97.184574,-69.2264035
Michael Carter,48,31338 Peterson Highway Apt. 548,Juliafurt,Oregon,97468,149.708474,57.813591
Daniel Oneal,53,69284 Hall Dale,Thorntontown,South Dakota,76786,-16.137602,79.091275
Jonathan Marks,39,4574 Hinton Port Suite 864,Port Patriciastad,Georgia,47155,168.191686,-79.127953
Hannah Hammond,55,724 Evans Mountain,Ericstad,Massachusetts,30186,13.335926,79.024203
Christina Callahan,59,1194 Brenda Estates Suite 198,North Sarah,Kansas,90287,-76.715119,0.7048065
Steven Long,74,4853 Molina Stravenue,Nicoleborough,Washington,56159,-101.080565,47.684758
William Thompson,43,8607 Rowe Manors Apt. 016,Brownmouth,South Dakota,45082,-120.488632,7.805042
Dr. Ashley Medina PhD,55,41369 Brandon Ranch,Wolfberg,South Dakota,10903,46.832942,-29.420416
Eric Moon,74,500 Carter Valley,Kellyview,North Dakota,97534,11.821663,62.1990575
Amber Martinez,57,405 Monique Lane Apt. 851,Garyfort,Minnesota,73854,-122.346616,-34.323258
Kylie Blackwell,66,101 Emily Corners,Lake Cassandrastad,Rhode Island,35352,2.118121,65.8848015
Andrew Hodge,32,889 William Neck,Hannahborough,Illinois,79238,149.837834,-64.928037
Scott Gay,61,06334 Gary Cliff Apt. 592,Wilsonview,Florida,79861,162.996779,-79.9718995
Ann Adkins,59,6846 Fry Knoll,Debraside,Oklahoma,13054,131.303454,47.1646445
Gary Kelly,41,93855 Corey Cape Suite 859,Ninaport,Nebraska,28828,162.128537,74.190088
Lisa Moore,43,84245 Katherine Fork Suite 289,East Joshua,New York,88061,11.283555,-55.831393
Steven Taylor,56,7470 Tony Mall,Port Kylestad,Pennsylvania,55578,-150.988062,-29.6937735
Thomas Rangel,77,3275 John Coves,Villarrealmouth,Mississippi,43718,-65.526266,21.811457
Erin Pearson,78,1709 Julie Valleys Suite 468,Ibarraton,Oklahoma,33622,149.884524,-57.636444
Kenneth Ferguson,56,47225 Cassandra Mountains Suite 211,Allenland,Louisiana,82748,168.643957,70.330850
Jenna Pratt,49,0444 Rhodes Fall,West Christinaport,Vermont,47117,136.573701,67.0432835
William Powers,66,8239 Amanda Fall,New Theodoreton,Vermont,07438,-66.325784,-56.996558
Sarah Evans,51,8472 Karina Orchard,North Keithburgh,New Jersey,10255,145.057011,39.7803175
Jennifer Lewis,23,81029 Alyssa Estate Suite 629,Ashleyview,Iowa,74963,-152.991500,-58.889476
Cody Mooney,53,8707 Owens Ports,West Geraldland,Texas,83058,134.960598,76.6892345
George Vargas,59,42138 Melton Place,Patricialand,New Jersey,89084,-85.395645,59.5651315
James Stewart,42,56251 Maurice Harbor,Lake Michelle,Wisconsin,82779,-138.710820,20.0693065
Michael Herrera,69,249 Chase Meadows,Port Christianfurt,Kansas,91409,-43.307854,-20.730638
Stephen Morton,49,85631 Tucker Highway,Howardchester,Idaho,20961,63.471809,68.522981
Justin Hines,44,6138 Laura Fort,Kristinberg,Missouri,83210,-179.113420,34.4676295
Tiffany Mayo,52,10999 Sheila Land,Brettside,Florida,05959,69.450160,-9.7433225
Emma Alvarado,18,55330 William Mall Apt. 161,South Daniel,Massachusetts,06264,149.119515,49.2710045
Emily Anderson,64,68387 Laurie Pike Suite 213,New Michele,Rhode Island,09791,133.764697,6.3246645
Teresa Love,65,72489 Dudley Stravenue Suite 894,Port Joshuastad,Alabama,55675,-173.280913,21.8091385
Lynn Hobbs,26,10242 Thomas Bypass Suite 470,West Kristinaberg,Kansas,92831,-126.848973,-34.527843
Savannah Castillo,32,4988 Bethany Shores Apt. 501,Andersonview,Texas,35382,-108.335312,-41.6987325
Trevor Scott,34,975 Brandon River,Erinfurt,Alabama,81432,-28.594632,-73.7503615
Briana West,75,676 Hart Walk,Davisshire,Nevada,78106,29.395706,52.8326925
Olivia Campbell,57,66860 Dennis Forks,Harrismouth,Florida,99732,-176.074662,-59.2421255
Angela Alexander,41,309 Allen Mount Suite 995,East Ashley,Wisconsin,44699,152.322631,66.356583
Nathaniel Henry,40,645 Clifford Valley Suite 801,Brandystad,Massachusetts,66722,68.445415,-59.6187245
Richard Woods,42,5971 Page Avenue Apt. 116,Robertchester,Delaware,35999,165.564123,34.515189
Dawn Lynch,70,5766 Megan River,Anthonyside,Washington,81763,164.062872,-79.027652
Taylor James,64,58166 Bentley Summit,New Charles,Hawaii,01496,-124.938220,49.0205325
Tiffany Warren,27,50219 Shields Drives Suite 054,Collinston,South Carolina,26697,-27.917597,39.273938
Phillip Mccoy,46,1353 Patrick Circle Apt. 879,Port Shannon,Idaho,75486,177.130975,-40.3647975
Darlene Winters,78,7106 Denise Mission,North Danielle,Maine,48748,80.004118,9.840908
Paul Mcbride,59,6276 Sanchez Court,Amberton,Kentucky,91537,-75.678428,-28.296982
Amber Hudson,43,03121 Hall Well Apt. 058,Lake Stevenmouth,New Mexico,98684,122.776793,22.9817165
Mia Wilson,75,30656 Orr Mission,West Ethanmouth,Nebraska,07167,-95.661189,29.939957
Lindsay Shah,19,866 Natalie Dale Apt. 373,Cruzchester,New Jersey,28150,41.181836,-71.665876
Kim Bradley,51,2251 Joseph Road Suite 368,West Christopher,Indiana,90736,3.529939,19.772911
Julie Donaldson,25,584 Monica Gateway Apt. 600,South Lynnstad,South Dakota,64447,99.979183,22.4382715
John Russell,52,4031 Heather Dale,Port Brian,Missouri,66397,-140.279689,-21.1691385
Stephen Norris,44,5395 Nelson Manors,Ochoaton,Delaware,28339,-109.529517,41.215651
Stephanie Gomez,40,6849 Gordon Ramp Apt. 392,Codybury,Ohio,03352,144.948622,-75.524181
Scott Mitchell,48,607 Blankenship Extension Suite 023,Markburgh,Rhode Island,88713,90.867508,-33.681025
Anthony Stanton DDS,18,679 Jill Avenue,North Robertchester,Ohio,06255,-14.020337,18.2192645
Jeffrey Goodwin,56,6004 Fox Trail Suite 700,Aprilland,Alaska,33650,-24.350538,-17.626455
Jonathan Jackson,27,58402 Robert Fork,South Kaitlynfurt,Hawaii,47499,-56.499521,52.004717
Alicia Davis,57,8486 Walsh Village Apt. 116,West Nathanland,Wisconsin,06169,-18.497530,55.515882
Valerie Russell,18,140 Davis Estate,Nicolefort,Delaware,09714,-1.592251,-25.467131
Kathryn Gutierrez,52,748 Walter Glens,New Alison,Delaware,90153,167.767444,60.5793795
Andrew Simmons,21,9371 Short Passage,Jayfort,Washington,54825,94.020942,56.516570
Benjamin Ward,70,0540 Lauren Cape,Robertsborough,Arizona,46842,151.251080,8.9150295
Alejandro Blake,63,490 Charles Streets Apt. 170,Mitchellfort,Oregon,21108,100.781088,-24.293524
Amy Contreras,45,454 Horne Points Apt. 192,Edwardsville,New York,91758,38.232803,-3.139584
Joshua Villarreal,42,580 Tony Square,Carlosland,New Mexico,23395,-54.680530,-4.1875735
Courtney Robinson,28,32697 Lopez Cape Suite 454,Ericksonport,South Dakota,30322,-129.189849,9.3724755
Antonio Ritter,38,82760 Robinson Avenue,Bethchester,New Mexico,46418,-74.693736,-18.9743655
Stacy Mack,37,976 Anita Pike,Angelaton,Vermont,61503,-90.926196,-65.848393
Joshua Miller,36,33861 Jeffrey Prairie Apt. 838,South Teresaport,Rhode Island,66584,53.854117,45.246720
Chad Mccullough,27,796 Tucker Springs,Port Rachael,New Mexico,13452,30.078226,24.2111535
Richard Gutierrez,69,063 Bianca Passage,Michellefurt,Idaho,43428,143.741040,-48.6318885
Ashley Elliott,45,824 Harvey Grove Suite 258,Port Russell,Idaho,46684,71.235197,24.221557
Laura Arnold,37,38680 Christopher Bridge Apt. 282,Brandystad,South Carolina,34530,-52.262339,-32.5566945
Jordan Morgan,56,2037 Raymond Parkways Suite 263,East Daniel,Iowa,47603,47.847505,72.6933515
Shawn Dickson,41,047 Lindsey Cove,East Zacharyshire,Nevada,56269,0.733423,-23.5028985
Christine Curtis,56,20930 Jessica Locks,South John,West Virginia,24569,29.760112,30.542082
Adam Simmons,72,301 Hernandez Junctions,Jonathanhaven,North Dakota,24451,-53.558435,11.546337
Karen Jones,68,8654 Jessica Mountain Suite 836,Justinview,Georgia,38022,-123.083745,58.055078
Kathy Gibson,43,911 Mark Knolls,South Michaelfurt,Idaho,98828,-85.219510,-29.8559635
Jessica Huynh,31,6319 Perkins Rue Suite 282,Martinezhaven,Utah,11611,-96.323257,-79.4758105
Justin Miller,70,830 Deanna Causeway Suite 739,Wilsonshire,New York,98633,-168.195126,6.7900605
Maria Jacobs,68,58122 Jacob Gateway,Michealshire,Washington,66772,163.305465,-86.0793955
Elizabeth Wright,36,71199 Mark Shores Apt. 280,West Amyburgh,Illinois,08614,-126.229520,-17.3481155
Shawn Marks,75,83701 Tiffany Stravenue Suite 567,Lake Thomas,Kansas,28377,-61.313119,-11.5643945
Mr. Christopher Pollard,51,92897 Simmons Creek,Cannonfort,Minnesota,12168,-69.414949,-63.1039155
Rebecca Mcdaniel,21,432 James Isle,North Kelly,Maine,15891,-80.560222,-76.784981
Sonya Hull,43,9815 Alejandra Common,North Steven,Florida,69162,146.143701,39.806317
Patricia Davis,49,97369 Luna Prairie Apt. 559,Christineport,Idaho,41638,109.497818,-35.703606
Joseph Reynolds,68,76084 Jones Dale Apt. 183,Lindsayview,South Dakota,07151,-102.452439,-11.5412525
Andrew Ward,74,651 Donald Mountain,Fordview,North Dakota,86318,-48.684565,54.8347165
Emily Newman,55,4871 Frederick Corner,Robertside,Utah,97062,150.854333,78.275036
Darrell Hurley,66,120 Jessica Pass,West Danshire,Ohio,63787,34.654786,-43.101998
Leah Morris,69,15764 Edwin Crescent,Sanchezview,Rhode Island,99236,110.003402,-81.106824
Nathaniel Montgomery,65,7885 Gregory Curve,West Aaron,Kansas,44669,-171.452454,6.255403
Tyler Andrews,24,221 Paul Fort Suite 713,Coxberg,Ohio,36367,-120.604535,-82.826747
Jamie Lopez,29,821 Abigail Forks Apt. 847,North Courtney,New Hampshire,98279,113.673970,-60.821630
Rebecca Brown,60,387 Rodriguez Forks,Benjaminton,Nevada,74925,137.064494,-33.3163675
Jonathan Morris,49,3751 Warren Summit,Muellerborough,South Carolina,20038,29.471509,-8.367444
Selena Mendez,51,2190 Rick Views Apt. 485,Lake Jamesfurt,Idaho,63067,-118.932678,-24.748126
Christopher Green,49,859 Peggy Ports Apt. 294,Sandraburgh,New York,36386,136.765881,-48.647218
Natasha Fernandez,61,8458 Perez Summit,North Lindseyfurt,Maine,92305,-52.128073,-82.696495
Cynthia Gomez,61,2325 Espinoza Views Apt. 594,Mcclaintown,Pennsylvania,15512,-76.548747,50.9314095
Andrew Brooks,57,7052 Lopez Garden Apt. 036,North Amyberg,Wisconsin,87892,-31.481027,67.9801455
Kayla Lucas,31,7148 Brittany Harbors Suite 702,Lake Heatherberg,Florida,06799,54.670139,3.327270
Kelly Perez,24,633 Pratt Villages Apt. 909,Harriston,Oklahoma,92771,-26.859839,-89.363998
Kathryn Allen,66,68212 Freeman Prairie Apt. 245,New Jessicaton,Georgia,85099,-43.315597,-57.5668555
Ashley Murphy DDS,80,504 Carol Isle Apt. 308,Port Jennastad,Florida,90524,69.870407,42.8100185
Jessica Walker,23,82117 Miller Plaza,Edwardsstad,West Virginia,25619,66.992056,83.1205395
David Newman,41,768 Caroline Summit,West Tammy,Kentucky,20909,75.366745,36.3415995
Dr. Wayne Long,57,53074 Amanda Drive,South Anthony,Mississippi,51182,-121.653585,-59.328133
Donald Moss,45,915 Christian Route,East Christopher,Missouri,35165,-78.409486,67.7727365
John Johnson,51,8673 Alyssa Brook Apt. 342,Perezmouth,Utah,30273,-97.148158,-10.4992715
Jaime Williams MD,26,488 Danny Fields,North Elizabethton,Kansas,31072,-50.203209,-57.0039115
Katherine Anderson,38,591 Torres Squares,Port Danielton,West Virginia,60335,-4.094421,28.370648
Joshua Foster,55,54177 Michael Vista,West Lisa,New Jersey,43997,165.189883,-30.1051785
Shane Garrett,59,59592 Delgado Viaduct Apt. 562,Robertfort,West Virginia,44376,70.842309,-53.472765
Ann Wright,64,78856 Mitchell Turnpike Suite 514,East Williamtown,Kansas,54247,113.161003,72.5717595
Wendy Lloyd,31,68205 Hernandez Via Apt. 439,Kimland,Texas,80477,74.770254,49.977596
Julia Hansen,70,03586 Nathan Point,Lake Kevin,Nebraska,82707,-101.266488,-33.8050895
Regina Cowan,64,64060 Saunders Junction Suite 966,North Austin,Hawaii,69856,135.260917,-63.9647455
Brandon Zamora,58,229 Stacey Green Suite 500,Port Tracey,Illinois,39666,27.455003,-12.964492
Carla Chan,18,667 Pena Mount,Maryberg,Nebraska,28217,-154.773103,-29.366969
Charles Hoover,44,842 Ashley Well,Farleyfort,New Jersey,75219,4.419152,31.9376295
Victoria Dennis,80,742 Walker Port Suite 265,South Randy,Hawaii,13611,-109.187869,-73.8132815
Katherine Richardson,19,441 King Dale,Calderontown,Alaska,03939,144.414785,69.3861235
Zachary Villegas,72,388 Wendy Summit Suite 355,Oneillhaven,Illinois,94405,-5.208692,-64.530425
Ryan Elliott,42,9776 Davidson Plain,Cookbury,Texas,11997,69.278769,71.0055115
David Larson,51,86982 Frazier Landing Apt. 903,Port Emilystad,Colorado,11846,1.818987,20.8125835
Amanda Boyd,45,157 Marissa Forest Apt. 565,West Jeremy,Virginia,24513,120.950331,-67.755464
Darren Charles,47,54679 Nguyen Views,East Roseburgh,Vermont,12851,19.635785,-37.373436
Charles Sellers,61,448 Tucker Wells,Richardborough,North Dakota,30167,-55.324143,82.1708105
Wendy Rodriguez,48,437 Davis Coves,Lake Holly,Arkansas,36504,148.618564,-50.640830
Kevin Chapman,34,001 Jamie Vista,Port Jonathanville,Arizona,59417,-7.579604,-57.9828045
Tonya Green,49,52736 Doyle Center Apt. 430,Harrisonborough,Tennessee,39411,136.174778,-60.8911075
Danielle Stanton MD,34,11774 Marcus Groves,Port Kevinstad,South Dakota,88389,-171.913263,-4.2788445
Jillian Gonzales,21,49762 Terri Mountains Suite 130,Jacksonport,Massachusetts,70595,24.887945,73.0428995
Thomas Berg,71,7469 Franco Lock Suite 512,Sharonview,South Carolina,46966,131.746477,86.712072
Seth Cardenas,50,85347 John Ridges Suite 909,South Jessica,North Dakota,52103,95.139585,28.6772645
Zachary Newton,51,4769 Mcdonald Villages Suite 946,Nicolefort,Massachusetts,57018,-82.174471,11.5322485
Sarah Nguyen,49,36318 Bridget Springs,Garciafurt,Florida,67060,12.042325,-37.8808555
Andrea Nichols,68,26504 Oliver Brooks,South James,Indiana,20010,-136.125354,-41.3518885
Robert Wyatt,58,123 Vincent Flats Apt. 067,Maryview,Utah,01994,-72.683947,2.724678
Stephen Wade,21,80363 Matthew Burgs Apt. 844,Heidifort,Louisiana,37397,93.838194,-35.7016155
Kathryn Barker,26,7764 Fernandez Junctions Apt. 523,Roweville,Missouri,07751,174.271496,-32.5550825
Crystal Massey,77,510 Donald Highway Apt. 843,South Ashleychester,New Hampshire,60845,-88.981496,-14.370417
David Powell,18,35449 Michelle Trail Apt. 064,Port Edward,Rhode Island,78620,138.221306,-86.9179275
Sheila Jones,59,3210 Daniel Squares Suite 265,Williamton,Maine,96510,178.393127,7.984260
Emily Watkins,40,78906 Joe Forest,Port Sharon,Minnesota,11670,-28.240126,7.620501
Cheryl Woods,31,3941 Anthony Village Suite 395,Barnesmouth,South Dakota,91179,-3.156486,-23.4648655
Roger Watts,60,49526 Alexandra Expressway Apt. 904,East Anne,Oklahoma,23660,169.741123,8.8146565
Jose West,26,19680 Mary Squares,East Vanessa,Washington,07892,28.527633,38.581338
Wendy Gonzales,31,296 Lisa Branch Apt. 107,West Lauren,Kentucky,79446,-149.278305,84.1410975
Christine Hopkins,34,418 Zachary Parkways Apt. 477,Port Christopherborough,Maine,92555,104.930478,38.7446415
Kyle Williams,46,2213 Joseph Villages,North Derekton,South Carolina,39598,54.058462,-33.1889815
Mark Leon,54,2662 Chad Cove,Port Michaeltown,Vermont,89683,29.938189,73.329553
Andrew Garrett,71,377 Boone Circles Apt. 556,West Douglasmouth,Oregon,51473,31.080014,86.026277
John Lewis,32,324 Brandon Rest,Port Melissaside,Georgia,47918,-10.201150,37.546479
Stephen Yu,31,343 Timothy Stravenue Suite 226,West April,Arizona,82533,-138.899041,-60.563679
Barbara Cook,55,47089 Christine Island Suite 002,New Davidmouth,Maryland,54535,-74.394229,-4.2637355
Carolyn Moon,29,4649 Flores Springs Apt. 349,Elizabethstad,Iowa,92823,104.181575,88.526791
Randall Bell,59,2256 John Club,South Frederickstad,Massachusetts,06477,-70.780877,26.6366145
Kathy Mcknight,68,58545 Alexandra Drive,Alexandrachester,Rhode Island,72205,-37.087101,-40.992472
Tyler Wallace,79,999 Howell Hollow Apt. 893,South Vanessa,Nebraska,54776,-4.179705,84.648794
Dr. Sean Barrera,51,8467 Garcia Row Apt. 957,Nicholastown,Arkansas,28715,83.924334,-67.9071525
Jesus Kemp,70,054 Molina Ports Apt. 582,Jasonstad,Massachusetts,39693,42.885859,49.9200035
John Thomas,50,190 Alyssa Track,Gavinberg,Wyoming,52906,-27.757707,88.877608
Jennifer Rodriguez,22,303 Sims Expressway Apt. 999,Fergusonport,West Virginia,07282,152.580295,11.909230
Cassandra Mills,68,8129 Williams Ramp,Port Paulatown,Wyoming,00840,-78.467452,-7.9019625
Sherri Joseph,71,900 Carr Mountains,Martinezland,Florida,85068,10.117375,-50.718434
Gregory Sandoval,61,47883 Amanda Roads,East Annefurt,Utah,63540,-67.497363,52.209559
Anthony Brewer,18,141 John Locks Apt. 538,South Daniel,New Hampshire,82401,16.185666,53.7559045
Allison Martin,27,469 Kevin Walk,North Glenn,Alaska,70327,-15.430726,34.122484
Susan Melton,78,69428 Colleen Alley Suite 496,Lake Justin,Iowa,55196,-31.723282,84.750029
Alex Cohen,58,32397 Brandi Parks,Gailton,South Dakota,24010,83.836505,-48.1634695
Rachel Oliver,72,294 Stewart View Apt. 744,Gonzalezfort,Virginia,82822,108.848126,-14.256289
Victor Dougherty,57,573 Angela Circle Suite 716,South Wendybury,North Dakota,49249,-16.620522,4.9628475
Crystal Mcdowell,46,6250 Melissa Square,Yangland,Hawaii,94038,-170.888952,42.2244655
Erin Romero,23,9001 Santiago Trafficway,Petershire,Kentucky,17664,157.487387,-63.551790
Donna Acosta,54,634 Castro Manor Apt. 420,Christopherborough,Nebraska,23729,89.859602,-40.0138765
Daniel Yoder,40,9748 Steven Views Apt. 367,Lake Darrell,North Dakota,15812,40.469835,32.661107
Nicolas Escobar,24,83649 Bennett Flats Suite 391,East Autumn,New Jersey,19116,-2.484608,-56.535524
Logan Wong,69,8078 Hodge Creek Apt. 643,South Stephaniemouth,Rhode Island,73106,4.456463,-80.1251905
Laura Preston,68,497 Rachel Rapid Suite 891,Port Mariaville,South Carolina,52097,7.643346,27.3036535
Kelsey Williams,37,07808 Grimes Mill Suite 362,Nicolasmouth,Alabama,15322,-31.473455,83.415423
Jacob Crane,56,7988 Tina Squares Apt. 536,South Anthonyside,Alabama,96732,-162.206836,-50.905345
Nicole Adams,50,633 Jeanette Squares,South Garrett,Nevada,38697,117.907188,14.950354
Joshua Robbins,59,6598 Andrea Village,Longmouth,Nebraska,97141,67.732654,49.419273
Amy Nash,61,09871 Bryant Pine,Jenniferland,Iowa,31031,-29.359830,-5.618718
Samantha Keller,28,083 Simmons Creek,Stephenport,New Mexico,36833,78.898479,-38.7935645
Scott Ramsey,66,130 Vargas Ville Apt. 711,Matthewfort,Colorado,33009,155.607017,9.7519745
Dennis Williams,26,24991 Jacob Spurs Apt. 859,Briannaland,Washington,25136,8.168559,-65.837367
Shawn Davis,67,519 Lopez Summit,New Jamiemouth,West Virginia,59643,76.626912,-33.613584
Scott May,33,19805 Michael Shoals Suite 438,North Sheryl,Michigan,47779,-147.606338,64.658043
Derek Owens,51,259 Lee Plaza Suite 463,Lisaview,Kentucky,02522,99.913462,-89.0335925
John Levy,22,44062 Mays Walk,North Christopherport,Rhode Island,19422,1.319676,74.476069
Richard Mooney,80,38148 Stephens Motorway,New Rebeccamouth,Louisiana,67133,-62.196821,-12.2829155
Michael Holmes,51,351 Coleman Isle,New Jessefort,Louisiana,34975,-62.992507,-78.057806
Nicole Jordan,63,011 Clarence Passage Apt. 937,North John,South Dakota,33915,41.436645,77.5028965
Patricia Stevenson,48,3983 Paula Land Suite 100,Raymondtown,Utah,02350,105.001031,17.343428
Edward Lee,41,9964 Lorraine Loaf Apt. 636,Lisaland,New Mexico,54057,-41.605759,33.902971
Matthew King,46,3062 Melissa Manor Apt. 479,New Danahaven,Mississippi,23963,10.870738,36.085436
Jeffrey Edwards,32,6602 Erin Neck Suite 051,North Erichaven,California,55932,3.222695,89.316971
Ryan Miller,32,6803 Brian Tunnel Apt. 767,Thompsonstad,New Jersey,02663,121.653096,49.2452295
Dominic Romero,54,5739 Christopher Ferry Suite 397,Carlsonville,Wyoming,46308,-111.182232,-40.6823515
Dustin Evans,79,4124 Pierce Cliff Apt. 388,Normanstad,Kansas,51206,-41.039911,-53.2801215
Amy Jacobson,51,6592 Smith Summit,New Erinton,Alabama,33708,60.677087,31.843255
Sarah Mathews,78,67232 Katherine Tunnel Suite 045,Lake Sheenastad,Massachusetts,32673,-46.538806,5.510494
Douglas Jones,38,92351 Erin Village Apt. 620,Wilsonmouth,West Virginia,96562,167.250911,10.3317705
Richard Maldonado,37,9763 Gibson Vista Apt. 959,Mossbury,Nevada,57556,-72.617600,14.999726
Timothy Pham,79,6432 Blake Meadows Apt. 152,New Lauren,Oregon,64041,5.315616,55.0947405
Joshua Key,51,689 Golden Pass,New Matthewfurt,North Carolina,27228,127.542090,-25.4717885
Donna Lewis,67,202 David Flat Apt. 756,Rachelland,Michigan,23503,-32.468856,-3.709079
Sharon Thomas,27,789 Davis Squares,Cooperbury,Oregon,48034,-44.608795,-34.1439435
Jacob Navarro,56,67498 Daniel Station,Lisabury,Idaho,63920,179.508547,-24.0310925
Meagan Carlson,29,227 Gutierrez Passage Apt. 870,Theresaton,Tennessee,93614,-26.736009,-82.9007195
Brenda Li,33,44611 Sylvia Park,Trujillostad,California,28907,178.480832,-34.549733
Larry Singh,52,7128 John Ways Suite 165,Donaldbury,Colorado,42431,105.041839,-18.2695885
Brianna Serrano,34,9477 Amber Lodge,Tracytown,New Jersey,60901,172.147220,46.102639
Christopher Nelson,29,7932 Perez Crest Suite 032,Theresafort,Hawaii,48813,-27.539946,10.9517305
Philip White,33,751 Debra Prairie Apt. 499,Elizabethchester,Florida,10701,-16.153358,-28.027719
Cindy Clements,35,0619 Frances Place Suite 661,North Margaret,Delaware,80746,115.150645,9.110410
Julia Reynolds,37,12377 Valdez Club Suite 439,Port Amyland,Wyoming,98157,29.684314,7.9205755
Kayla Miller,23,9757 Dana Crest Suite 103,Smithfort,California,77622,-89.187476,57.6556945
Jordan Flores,27,74976 Short Vista,Donnaberg,New York,88324,112.525498,42.4137865
Jamie Frazier MD,77,5229 Love Run Apt. 760,Austinville,Pennsylvania,52276,89.599218,26.3848135
Glenn Weaver,35,31046 Todd Freeway,Port Sarahberg,Tennessee,14577,169.480429,89.880841
Patrick Wang,39,142 Cynthia Street Suite 427,Thompsonburgh,Nebraska,23373,169.845655,-39.568089
Luis Brown,24,9442 Anderson Plains,Martinmouth,Tennessee,39461,-65.638754,-15.723988
Kristina Hernandez MD,37,66858 Megan Vista Suite 803,South Melissa,Kansas,21087,-126.176182,72.4921865
Madeline Wilson,78,04196 Charles Station,Maryview,Nebraska,73727,-32.131898,-9.9182075
Amy Hill,60,6601 Charles Viaduct,Michaelton,Ohio,89212,-163.249854,-42.3088735
Tara Vaughan,31,166 Cannon Fall Suite 007,West Michael,Georgia,71460,57.834740,-81.273224
James Figueroa,49,0497 Diaz Knolls,South Tiffanyside,Missouri,35558,27.377715,16.872920
Kyle Frazier,64,935 Stephanie Fields,New Jonathanhaven,Indiana,45730,36.048857,72.984906
James Cook,54,831 Clark Station Apt. 937,West Carla,New York,63870,-69.322776,-50.3857035
Heather Warren,38,263 Peter Crescent Apt. 042,New Andrew,Texas,94031,-112.198245,9.0958735
Ryan House,74,6900 Kim Valleys Suite 857,Port Jameston,Pennsylvania,74288,-175.125270,9.661866
Joshua Wyatt Jr.,77,8311 Thompson Street,Murphytown,New Mexico,48061,23.631133,12.6998085
Leah Gay,21,1927 Jessica River,North Jamesmouth,Virginia,77010,69.337503,80.136328
Brenda Jackson,59,319 Hughes Heights Suite 488,Francisview,Nebraska,60690,-71.193987,40.0655265
Jessica Watkins,46,5925 Peters Drive Apt. 972,New Jeremiah,Delaware,46223,121.035009,-59.239939
Margaret Morris DDS,44,1036 Teresa Lodge,Andersonshire,Virginia,93415,75.829387,1.741915
Jessica Pitts,65,8143 Rebecca Ferry,North Donald,Alabama,95087,-117.681634,69.746327
Bradley Zimmerman,53,78785 David Turnpike,East Phillipberg,North Dakota,19806,-11.597406,-42.343912
Victoria Becker,22,537 Eric Tunnel,Port Amberside,Georgia,49009,-151.532658,-64.7073615
Jose Johnson,32,694 Troy Alley,Ortizville,South Dakota,75291,104.321537,76.8107445
Angela Austin,69,1002 Levy Mountain Apt. 344,East Josephhaven,Minnesota,00840,139.955309,54.864701
Suzanne Smith,50,339 Rich Terrace Apt. 412,Mooretown,New Jersey,28758,104.912310,55.2639075
Emily Miller,69,240 Crawford Square Apt. 751,Jackiebury,Utah,19715,-93.973070,24.7914955
Madison Flores,39,1013 Hill Rue Suite 710,Sheilafurt,South Dakota,10663,-12.838247,44.4946335
John Holmes,59,18421 Miller Prairie Apt. 964,Sandramouth,Kansas,03789,-146.154819,-66.987033
Yesenia Harris MD,30,561 Lucas Locks Apt. 099,Joseton,North Dakota,59426,-39.850383,-22.368589
Bonnie Estrada,42,9459 Andrea Shoal,North Traci,Washington,58999,-98.422270,8.4059955
Benjamin Donaldson DDS,45,34119 Traci Ports Apt. 628,Wallaceville,Oklahoma,91082,-2.143729,-70.562055
Krystal Webster,24,44919 Jones Corners,East Lisastad,Nevada,72090,151.592240,-36.3398175
Mark Stevens,56,2657 Patricia Junction,Tateburgh,Alabama,01095,-177.469941,-73.5905305
Brenda Hardin,74,240 Angela Bridge,New Teresa,Kentucky,23127,65.442399,38.2313165
